id,PID,group,program_length,session,file_ext,activity_type,date,start_time,first_garmin_date,program_start_date,alignment_start_date,week_alignment_source,days_since_alignment_start,program_week,progress,progress_bin,in_program,total_duration_min,valid_duration_min,unknown_gap_time_min,max_continuous_run_min,estimated_running_time_min,distance_km,avg_speed_mps,avg_speed_kmh,median_segment_speed_mps,p95_segment_speed_mps,valid_time_ratio,running_time_ratio,n_trackpoints,n_segments,n_valid_segments,n_gap_breaks,n_speed_breaks,n_zero_distance_segments,n_negative_distance_segments,known_outlier_pid,flag_not_running_activity,flag_too_short_run,flag_implausible_continuous_run,flag_low_valid_time_ratio,flag_many_gaps,flag_too_long_session,flag_low_distance_running,flag_no_program_info,flag_outside_program,garmin_quality,include_in_garmin_analysis,session_global_all,session_in_week_all,session_global_running,session_in_week_running,date_dt,program_start_date_dt,first_garmin_date_dt,alignment_start_date_dt,exclusion_reason
1550,1550,B,10,Course a pied_2026-02-25 16_52_00.fit,fit,running,2026-02-25,2026-02-25 16:52:25+00:00,2026-02-25,,2026-02-25,first_garmin_date,0.0,1.0,0.1,0-25%,True,15.1,15.1,0.0,2.867,11.15,1.735,1.915,6.892,2.179,2.551,1.0,0.738,230,229,229,0,17,9,0,False,False,False,False,False,False,False,False,False,False,ok,True,1,1.0,1,1,2026-02-25,,2026-02-25,2026-02-25,included_or_no_issue
1550,1550,B,10,Course a pied_2026-03-01 10_37_00.fit,fit,running,2026-03-01,2026-03-01 10:37:28+00:00,2026-02-25,,2026-02-25,first_garmin_date,4.0,1.0,0.1,0-25%,True,13.05,13.05,0.0,3.25,8.65,1.49,1.903,6.851,2.271,2.734,1.0,0.663,208,207,207,0,18,15,0,False,False,False,False,False,False,False,False,False,False,ok,True,2,2.0,2,2,2026-03-01,,2026-02-25,2026-02-25,included_or_no_issue
1550,1550,B,10,Course a pied_2026-03-03 15_18_00.fit,fit,running,2026-03-03,2026-03-03 15:18:56+00:00,2026-02-25,,2026-02-25,first_garmin_date,6.0,1.0,0.1,0-25%,True,25.083,24.0,1.083,2.883,18.45,3.012,2.002,7.206,2.345,2.895,0.957,0.769,357,356,355,1,26,11,0,False,False,False,False,False,False,False,False,False,False,ok,True,3,3.0,3,3,2026-03-03,,2026-02-25,2026-02-25,included_or_no_issue
1550,1550,B,10,Course a pied_2026-03-04 15_29_00.fit,fit,running,2026-03-04,2026-03-04 15:29:07+00:00,2026-02-25,,2026-02-25,first_garmin_date,7.0,2.0,0.2,0-25%,True,18.217,18.217,0.0,5.55,15.917,2.576,2.357,8.486,2.52,2.904,1.0,0.874,244,243,243,0,12,4,0,False,False,False,False,False,False,False,False,False,False,ok,True,4,1.0,4,1,2026-03-04,,2026-02-25,2026-02-25,included_or_no_issue
1550,1550,B,10,Course a pied_2026-03-07 13_56_00.fit,fit,running,2026-03-07,2026-03-07 13:56:17+00:00,2026-02-25,,2026-02-25,first_garmin_date,10.0,2.0,0.2,0-25%,True,4.55,4.55,0.0,3.033,3.033,0.453,1.66,5.977,2.484,2.546,1.0,0.667,40,39,39,0,7,17,0,False,False,False,False,False,False,False,False,False,False,ok,True,5,2.0,5,2,2026-03-07,,2026-02-25,2026-02-25,included_or_no_issue
1550,1550,B,10,Course a pied_2026-03-08 15_44_00.fit,fit,running,2026-03-08,2026-03-08 15:44:44+00:00,2026-02-25,,2026-02-25,first_garmin_date,11.0,2.0,0.2,0-25%,True,15.233,15.233,0.0,15.233,14.733,2.182,2.387,8.594,2.359,2.928,1.0,0.967,220,219,219,0,0,5,0,False,False,False,False,False,False,False,False,False,False,ok,True,6,3.0,6,3,2026-03-08,,2026-02-25,2026-02-25,included_or_no_issue
1550,1550,B,10,Course a pied_2026-03-11 16_27_00.fit,fit,running,2026-03-11,2026-03-11 16:27:17+00:00,2026-02-25,,2026-02-25,first_garmin_date,14.0,3.0,0.3,25-50%,True,19.067,19.067,0.0,9.183,18.033,2.784,2.434,8.762,2.502,2.942,1.0,0.946,235,234,234,0,6,1,0,False,False,False,False,False,False,False,False,False,False,ok,True,7,1.0,7,1,2026-03-11,,2026-02-25,2026-02-25,included_or_no_issue
1550,1550,B,10,Course a pied_2026-03-14 09_17_00.fit,fit,running,2026-03-14,2026-03-14 09:17:55+00:00,2026-02-25,,2026-02-25,first_garmin_date,17.0,3.0,0.3,25-50%,True,20.2,20.2,0.0,13.567,19.733,3.079,2.541,9.147,2.537,3.348,1.0,0.977,299,298,298,0,1,6,0,False,False,False,False,False,False,False,False,False,False,ok,True,8,2.0,8,2,2026-03-14,,2026-02-25,2026-02-25,included_or_no_issue
1550,1550,B,10,Course a pied_2026-03-18 15_10_09.fit,fit,running,2026-03-18,2026-03-18 15:10:09+00:00,2026-02-25,,2026-02-25,first_garmin_date,21.0,4.0,0.4,25-50%,True,27.15,27.15,0.0,6.8,25.267,3.824,2.347,8.45,2.435,2.75,1.0,0.931,328,327,327,0,8,1,0,False,False,False,False,False,False,False,False,False,False,ok,True,9,1.0,9,1,2026-03-18,,2026-02-25,2026-02-25,included_or_no_issue
1550,1550,B,10,Course a pied_2026-03-19 17_20_59.fit,fit,running,2026-03-19,2026-03-19 17:20:59+00:00,2026-02-25,,2026-02-25,first_garmin_date,22.0,4.0,0.4,25-50%,True,17.1,17.1,0.0,8.583,16.417,2.416,2.355,8.477,2.42,2.699,1.0,0.96,232,231,231,0,1,4,0,False,False,False,False,False,False,False,False,False,False,ok,True,10,2.0,10,2,2026-03-19,,2026-02-25,2026-02-25,included_or_no_issue
1550,1550,B,10,Course a pied_2026-03-22 15_31_39.fit,fit,running,2026-03-22,2026-03-22 15:31:39+00:00,2026-02-25,,2026-02-25,first_garmin_date,25.0,4.0,0.4,25-50%,True,29.733,27.1,2.633,22.967,24.867,3.572,2.002,7.208,2.311,2.96,0.911,0.918,327,326,324,2,9,20,0,False,False,False,False,False,False,False,False,False,False,ok,True,11,3.0,11,3,2026-03-22,,2026-02-25,2026-02-25,included_or_no_issue
1550,1550,B,10,Course a pied_2026-03-24 14_23_42.fit,fit,running,2026-03-24,2026-03-24 14:23:42+00:00,2026-02-25,,2026-02-25,first_garmin_date,27.0,4.0,0.4,25-50%,True,28.983,28.983,0.0,6.983,25.767,4.164,2.394,8.62,2.523,3.063,1.0,0.889,399,398,398,0,12,4,0,False,False,False,False,False,False,False,False,False,False,ok,True,12,4.0,12,4,2026-03-24,,2026-02-25,2026-02-25,included_or_no_issue
1550,1550,B,10,Course a pied_2026-03-25 16_51_54.fit,fit,running,2026-03-25,2026-03-25 16:51:54+00:00,2026-02-25,,2026-02-25,first_garmin_date,28.0,5.0,0.5,25-50%,True,30.917,30.917,0.0,15.483,29.217,4.409,2.377,8.556,2.459,3.058,1.0,0.945,432,431,431,0,4,9,0,False,False,False,False,False,False,False,False,False,False,ok,True,13,1.0,13,1,2026-03-25,,2026-02-25,2026-02-25,included_or_no_issue
1550,1550,B,10,Course a pied_2026-03-27 11_14_10.fit,fit,running,2026-03-27,2026-03-27 11:14:10+00:00,2026-02-25,,2026-02-25,first_garmin_date,30.0,5.0,0.5,25-50%,True,25.217,25.217,0.0,25.033,24.717,3.57,2.36,8.495,2.34,3.194,1.0,0.98,345,344,344,0,1,3,0,False,False,False,False,False,False,False,False,False,False,ok,True,14,2.0,14,2,2026-03-27,,2026-02-25,2026-02-25,included_or_no_issue
1550,1550,B,10,Course a pied_2026-03-31 08_03_58.fit,fit,running,2026-03-31,2026-03-31 08:03:58+00:00,2026-02-25,,2026-02-25,first_garmin_date,34.0,5.0,0.5,25-50%,True,36.967,25.15,11.817,19.383,21.3,3.421,1.542,5.552,2.58,2.903,0.68,0.847,334,333,332,1,13,17,0,False,False,False,False,False,False,False,False,False,False,ok,True,15,3.0,15,3,2026-03-31,,2026-02-25,2026-02-25,included_or_no_issue
1550,1550,B,10,Course a pied_2026-04-02 09_15_55.fit,fit,running,2026-04-02,2026-04-02 09:15:55+00:00,2026-02-25,,2026-02-25,first_garmin_date,36.0,6.0,0.6,50-75%,True,25.05,25.05,0.0,24.9,24.617,3.522,2.343,8.435,2.37,2.939,1.0,0.983,347,346,346,0,1,3,0,False,False,False,False,False,False,False,False,False,False,ok,True,16,1.0,16,1,2026-04-02,,2026-02-25,2026-02-25,included_or_no_issue
1550,1550,B,10,Course a pied_2026-04-05 09_15_16.fit,fit,running,2026-04-05,2026-04-05 09:15:16+00:00,2026-02-25,,2026-02-25,first_garmin_date,39.0,6.0,0.6,50-75%,True,31.283,30.1,1.183,27.733,29.5,4.627,2.465,8.875,2.597,2.99,0.962,0.98,424,423,422,1,0,0,0,False,False,False,False,False,False,False,False,False,False,ok,True,17,2.0,17,2,2026-04-05,,2026-02-25,2026-02-25,included_or_no_issue
1550,1550,B,10,Course a pied_2026-04-07 08_21_59.fit,fit,running,2026-04-07,2026-04-07 08:21:59+00:00,2026-02-25,,2026-02-25,first_garmin_date,41.0,6.0,0.6,50-75%,True,29.933,29.933,0.0,17.683,29.55,4.526,2.52,9.072,2.525,3.021,1.0,0.987,378,377,377,0,1,1,0,False,False,False,False,False,False,False,False,False,False,ok,True,18,3.0,18,3,2026-04-07,,2026-02-25,2026-02-25,included_or_no_issue
1550,1550,B,10,Course a pied_2026-04-12 08_32_13.fit,fit,running,2026-04-12,2026-04-12 08:32:13+00:00,2026-02-25,,2026-02-25,first_garmin_date,46.0,7.0,0.7,50-75%,True,41.417,36.35,5.067,18.5,33.3,5.012,2.017,7.261,2.375,3.056,0.878,0.916,566,565,564,1,13,5,0,False,False,False,False,False,False,False,False,False,False,ok,True,19,1.0,19,1,2026-04-12,,2026-02-25,2026-02-25,included_or_no_issue
1550,1550,B,10,Course a pied_2026-04-14 15_15_13.fit,fit,running,2026-04-14,2026-04-14 15:15:13+00:00,2026-02-25,,2026-02-25,first_garmin_date,48.0,7.0,0.7,50-75%,True,41.4,41.4,0.0,41.4,40.433,5.658,2.278,8.201,2.285,2.771,1.0,0.977,539,538,538,0,0,3,0,False,False,False,False,False,False,False,False,False,False,ok,True,20,2.0,20,2,2026-04-14,,2026-02-25,2026-02-25,included_or_no_issue
1550,1550,B,10,Course a pied_2026-04-16 15_44_00.fit,fit,running,2026-04-16,2026-04-16 15:44:24+00:00,2026-02-25,,2026-02-25,first_garmin_date,50.0,8.0,0.8,75-100%,True,44.917,40.917,4.0,12.267,38.067,5.835,2.165,7.794,2.428,3.255,0.911,0.93,606,605,601,4,8,6,0,False,False,False,False,False,False,False,False,False,False,ok,True,21,1.0,21,1,2026-04-16,,2026-02-25,2026-02-25,included_or_no_issue
1550,1550,B,10,Course a pied_2026-04-21 16_04_57.fit,fit,running,2026-04-21,2026-04-21 16:04:57+00:00,2026-02-25,,2026-02-25,first_garmin_date,55.0,8.0,0.8,75-100%,True,39.55,38.7,0.85,18.067,34.733,5.359,2.258,8.13,2.35,3.44,0.979,0.898,628,627,626,1,10,17,0,False,False,False,False,False,False,False,False,False,False,ok,True,22,2.0,22,2,2026-04-21,,2026-02-25,2026-02-25,included_or_no_issue
2500,2500,A,7,Reprise course a pied _Intervalles 7_1' 1_2' + echauffement _160 ppm_2026-03-10 11_54_05.tcx,tcx,running,2026-03-10,2026-03-10 11:54:05+00:00,2026-02-26,,2026-02-26,first_garmin_date,12.0,2.0,0.286,25-50%,True,24.55,24.55,0.0,24.55,16.85,2.855,1.938,6.977,2.4,3.9,1.0,0.686,1472,1471,1471,0,0,362,0,False,False,False,False,False,False,False,False,False,False,ok,True,6,1.0,1,1,2026-03-10,,2026-02-26,2026-02-26,included_or_no_issue
2729,2729,B,10,Running_2026-02-26 13_08_43.fit,fit,running,2026-02-26,2026-02-26 13:08:43+00:00,2026-02-26,,2026-02-26,first_garmin_date,0.0,1.0,0.1,0-25%,True,70.283,70.283,0.0,3.65,27.8,4.824,1.144,4.118,1.9,2.76,1.0,0.396,4218,4217,4217,0,225,1907,0,False,False,False,False,False,False,False,False,False,False,ok,True,1,1.0,1,1,2026-02-26,,2026-02-26,2026-02-26,included_or_no_issue
2729,2729,B,10,Running_2026-03-05 16_46_39.fit,fit,running,2026-03-05,2026-03-05 16:46:39+00:00,2026-02-26,,2026-02-26,first_garmin_date,7.0,2.0,0.2,0-25%,True,20.167,20.167,0.0,9.867,15.817,2.204,1.821,6.557,1.87,2.538,1.0,0.784,1211,1210,1210,0,4,46,0,False,False,False,False,False,False,False,False,False,False,ok,True,2,1.0,2,1,2026-03-05,,2026-02-26,2026-02-26,included_or_no_issue
2729,2729,B,10,Running_2026-03-07 17_39_53.fit,fit,running,2026-03-07,2026-03-07 17:39:53+00:00,2026-02-26,,2026-02-26,first_garmin_date,9.0,2.0,0.2,0-25%,True,14.067,14.067,0.0,6.85,11.233,1.578,1.87,6.731,1.89,2.68,1.0,0.799,845,844,844,0,3,43,0,False,False,False,False,False,False,False,False,False,False,ok,True,3,2.0,3,2,2026-03-07,,2026-02-26,2026-02-26,included_or_no_issue
2729,2729,B,10,Running_2026-03-13 16_12_25.fit,fit,running,2026-03-13,2026-03-13 16:12:25+00:00,2026-02-26,,2026-02-26,first_garmin_date,15.0,3.0,0.3,25-50%,True,20.7,20.7,0.0,20.7,18.5,2.376,1.913,6.887,1.92,2.49,1.0,0.894,1243,1242,1242,0,0,20,0,False,False,False,False,False,False,False,False,False,False,ok,True,4,1.0,4,1,2026-03-13,,2026-02-26,2026-02-26,included_or_no_issue
2729,2729,B,10,Running_2026-03-16 13_05_50.fit,fit,running,2026-03-16,2026-03-16 13:05:50+00:00,2026-02-26,,2026-02-26,first_garmin_date,18.0,3.0,0.3,25-50%,True,51.033,51.033,0.0,6.8,22.4,3.614,1.18,4.249,2.03,2.76,1.0,0.439,3063,3062,3062,0,161,1406,0,False,False,False,False,False,False,False,False,False,False,ok,True,5,2.0,5,2,2026-03-16,,2026-02-26,2026-02-26,included_or_no_issue
2729,2729,B,10,Running_2026-04-05 15_14_56.fit,fit,running,2026-04-05,2026-04-05 15:14:56+00:00,2026-02-26,,2026-02-26,first_garmin_date,38.0,6.0,0.6,50-75%,True,28.2,28.2,0.0,7.3,23.083,3.088,1.825,6.57,1.85,2.45,1.0,0.819,1693,1692,1692,0,6,46,0,False,False,False,False,False,False,False,False,False,False,ok,True,6,1.0,6,1,2026-04-05,,2026-02-26,2026-02-26,included_or_no_issue
2729,2729,B,10,Running_2026-04-13 14_34_34.fit,fit,running,2026-04-13,2026-04-13 14:34:34+00:00,2026-02-26,,2026-02-26,first_garmin_date,46.0,7.0,0.7,50-75%,True,27.317,27.317,0.0,25.117,24.3,3.259,1.989,7.159,1.98,2.67,1.0,0.89,1640,1639,1639,0,2,34,0,False,False,False,False,False,False,False,False,False,False,ok,True,7,1.0,7,1,2026-04-13,,2026-02-26,2026-02-26,included_or_no_issue
3476,3476,A,7,Course a pied_2026-03-18 14_15_00.fit,fit,running,2026-03-18,2026-03-18 14:15:00+00:00,2026-03-18,,2026-03-18,first_garmin_date,0.0,1.0,0.143,0-25%,True,10.017,10.017,0.0,1.267,1.017,0.896,1.491,5.367,3.0,12.0,1.0,0.101,594,593,593,0,53,432,0,False,False,False,False,False,False,False,False,False,False,ok,True,2,2.0,1,1,2026-03-18,,2026-03-18,2026-03-18,included_or_no_issue
3476,3476,A,7,Course a pied_2026-03-19 13_53_14.fit,fit,running,2026-03-19,2026-03-19 13:53:14+00:00,2026-03-18,,2026-03-18,first_garmin_date,1.0,1.0,0.143,0-25%,True,12.0,12.0,0.0,1.583,3.0,1.328,1.844,6.64,3.0,12.0,1.0,0.25,712,711,711,0,44,453,0,False,False,False,False,False,False,False,False,False,False,ok,True,3,3.0,2,2,2026-03-19,,2026-03-18,2026-03-18,included_or_no_issue
3476,3476,A,7,Course a pied_2026-03-24 12_55_00.fit,fit,running,2026-03-24,2026-03-24 12:55:02+00:00,2026-03-18,,2026-03-18,first_garmin_date,6.0,1.0,0.143,0-25%,True,12.067,12.067,0.0,1.067,1.783,1.36,1.878,6.762,4.0,12.0,1.0,0.148,709,708,708,0,54,504,0,False,False,False,False,False,False,False,False,False,False,ok,True,5,5.0,4,4,2026-03-24,,2026-03-18,2026-03-18,included_or_no_issue
3476,3476,A,7,Course a pied_2026-03-28 15_49_00.fit,fit,running,2026-03-28,2026-03-28 15:49:46+00:00,2026-03-18,,2026-03-18,first_garmin_date,10.0,2.0,0.286,25-50%,True,12.383,12.383,0.0,1.367,3.117,1.614,2.172,7.82,3.0,12.0,1.0,0.252,714,713,713,0,46,436,0,False,False,False,False,False,False,False,False,False,False,ok,True,7,2.0,6,2,2026-03-28,,2026-03-18,2026-03-18,included_or_no_issue
3476,3476,A,7,Course a pied_2026-03-30 12_05_00.fit,fit,running,2026-03-30,2026-03-30 12:05:21+00:00,2026-03-18,,2026-03-18,first_garmin_date,12.0,2.0,0.286,25-50%,True,50.067,50.067,0.0,3.45,12.783,4.576,1.523,5.484,3.0,12.0,1.0,0.255,2986,2985,2985,0,184,2005,0,False,False,False,False,False,False,False,False,False,False,ok,True,9,4.0,7,3,2026-03-30,,2026-03-18,2026-03-18,included_or_no_issue
3476,3476,A,7,Course a pied_2026-04-01 13_23_45.fit,fit,running,2026-04-01,2026-04-01 13:23:45+00:00,2026-03-18,,2026-03-18,first_garmin_date,14.0,3.0,0.429,25-50%,True,12.0,12.0,0.0,2.1,2.167,1.449,2.013,7.245,4.0,12.0,1.0,0.181,714,713,713,0,54,482,0,False,False,False,False,False,False,False,False,False,False,ok,True,10,1.0,8,1,2026-04-01,,2026-03-18,2026-03-18,included_or_no_issue
3476,3476,A,7,Course a pied_2026-04-05 10_22_00.fit,fit,running,2026-04-05,2026-04-05 10:22:17+00:00,2026-03-18,,2026-03-18,first_garmin_date,18.0,3.0,0.429,25-50%,True,15.017,15.017,0.0,1.617,3.117,1.907,2.117,7.62,4.0,12.0,1.0,0.208,895,894,894,0,65,580,0,False,False,False,False,False,False,False,False,False,False,ok,True,11,2.0,9,2,2026-04-05,,2026-03-18,2026-03-18,included_or_no_issue
4704,4704,A,8,Course a pied_2026-03-06 10_24_16.fit,fit,running,2026-03-06,2026-03-06 10:24:16+00:00,2026-03-06,,2026-03-06,first_garmin_date,0.0,1.0,0.125,0-25%,True,44.833,28.833,16.0,12.017,27.717,5.046,1.876,6.753,2.992,4.195,0.643,0.961,429,428,423,5,3,17,0,False,False,False,False,False,False,False,False,False,False,ok,True,1,1.0,1,1,2026-03-06,,2026-03-06,2026-03-06,included_or_no_issue
4704,4704,A,8,Course a pied_2026-03-09 09_42_36.fit,fit,running,2026-03-09,2026-03-09 09:42:36+00:00,2026-03-06,,2026-03-06,first_garmin_date,3.0,1.0,0.125,0-25%,True,24.55,24.1,0.45,3.3,14.933,2.874,1.951,7.023,2.26,4.0,0.982,0.62,308,307,306,1,35,15,0,False,False,False,False,False,False,False,False,False,False,ok,True,2,2.0,2,2,2026-03-09,,2026-03-06,2026-03-06,included_or_no_issue
4704,4704,A,8,Course a pied_2026-04-07 19_37_59.fit,fit,running,2026-04-07,2026-04-07 19:37:59+00:00,2026-03-06,,2026-03-06,first_garmin_date,32.0,5.0,0.625,50-75%,True,22.517,22.517,0.0,3.367,13.55,3.054,2.261,8.139,3.136,4.12,1.0,0.602,332,331,331,0,39,5,0,False,False,False,False,False,False,False,False,False,False,ok,True,4,2.0,3,1,2026-04-07,,2026-03-06,2026-03-06,included_or_no_issue
4704,4704,A,8,Course a pied_2026-04-07 20_00_52.fit,fit,running,2026-04-07,2026-04-07 20:00:52+00:00,2026-03-06,,2026-03-06,first_garmin_date,32.0,5.0,0.625,50-75%,True,10.3,10.3,0.0,10.3,10.15,1.488,2.408,8.668,2.383,2.855,1.0,0.985,101,100,100,0,0,0,0,False,False,False,False,False,False,False,False,False,False,ok,True,5,3.0,4,2,2026-04-07,,2026-03-06,2026-03-06,included_or_no_issue
4704,4704,A,8,Course a pied_2026-04-09 18_36_19.fit,fit,running,2026-04-09,2026-04-09 18:36:19+00:00,2026-03-06,,2026-03-06,first_garmin_date,34.0,5.0,0.625,50-75%,True,17.217,17.217,0.0,2.55,12.917,2.449,2.371,8.534,3.247,3.862,1.0,0.75,210,209,209,0,17,0,0,False,False,False,False,False,False,False,False,False,False,ok,True,6,4.0,5,3,2026-04-09,,2026-03-06,2026-03-06,included_or_no_issue
4704,4704,A,8,Course a pied_2026-04-09 18_56_06.fit,fit,running,2026-04-09,2026-04-09 18:56:06+00:00,2026-03-06,,2026-03-06,first_garmin_date,34.0,5.0,0.625,50-75%,True,20.417,20.417,0.0,14.067,18.15,3.097,2.528,9.102,2.774,3.26,1.0,0.889,253,252,252,0,9,14,0,False,False,False,False,False,False,False,False,False,False,ok,True,7,5.0,6,4,2026-04-09,,2026-03-06,2026-03-06,included_or_no_issue
4704,4704,A,8,Course a pied_2026-04-14 16_01_01.fit,fit,running,2026-04-14,2026-04-14 16:01:01+00:00,2026-03-06,,2026-03-06,first_garmin_date,39.0,6.0,0.75,50-75%,True,105.033,67.583,37.45,13.317,64.5,10.236,1.624,5.847,2.593,3.227,0.643,0.954,669,668,663,5,11,7,0,False,False,False,False,False,False,False,False,False,False,ok,True,8,1.0,7,1,2026-04-14,,2026-03-06,2026-03-06,included_or_no_issue
5801,5801,B,6,Course a pied_2026-03-02 16_06_00.fit,fit,running,2026-03-02,2026-03-02 16:06:12+00:00,2026-02-25,,2026-02-25,first_garmin_date,5.0,1.0,0.167,0-25%,True,22.35,22.35,0.0,10.783,18.15,2.641,1.969,7.089,1.8,3.1,1.0,0.812,1342,1341,1341,0,4,18,0,False,False,False,False,False,False,False,False,False,False,ok,True,7,7.0,1,1,2026-03-02,,2026-02-25,2026-02-25,included_or_no_issue
5801,5801,B,6,Course a pied_2026-03-05 16_39_02.fit,fit,running,2026-03-05,2026-03-05 16:39:02+00:00,2026-02-25,,2026-02-25,first_garmin_date,8.0,2.0,0.333,25-50%,True,26.417,26.417,0.0,17.433,21.25,3.201,2.019,7.269,1.88,3.08,1.0,0.804,1586,1585,1585,0,1,33,0,False,False,False,False,False,False,False,False,False,False,ok,True,11,3.0,2,1,2026-03-05,,2026-02-25,2026-02-25,included_or_no_issue
5801,5801,B,6,Course a pied_2026-03-06 15_55_26.fit,fit,running,2026-03-06,2026-03-06 15:55:26+00:00,2026-02-25,,2026-02-25,first_garmin_date,9.0,2.0,0.333,25-50%,True,22.667,22.667,0.0,22.667,19.067,2.835,2.085,7.506,1.96,3.062,1.0,0.841,1361,1360,1360,0,0,24,0,False,False,False,False,False,False,False,False,False,False,ok,True,13,5.0,3,2,2026-03-06,,2026-02-25,2026-02-25,included_or_no_issue
5801,5801,B,6,Course a pied_2026-03-08 16_58_35.fit,fit,running,2026-03-08,2026-03-08 16:58:35+00:00,2026-02-25,,2026-02-25,first_garmin_date,11.0,2.0,0.333,25-50%,True,23.933,23.933,0.0,13.65,20.2,3.007,2.094,7.539,1.95,3.12,1.0,0.844,1437,1436,1436,0,1,25,0,False,False,False,False,False,False,False,False,False,False,ok,True,14,6.0,4,3,2026-03-08,,2026-02-25,2026-02-25,included_or_no_issue
5801,5801,B,6,Course a pied_2026-03-09 16_19_09.fit,fit,running,2026-03-09,2026-03-09 16:19:09+00:00,2026-02-25,,2026-02-25,first_garmin_date,12.0,2.0,0.333,25-50%,True,24.867,24.867,0.0,24.7,21.017,3.559,2.386,8.588,2.62,3.329,1.0,0.845,1493,1492,1492,0,2,30,0,False,False,False,False,False,False,False,False,False,False,ok,True,17,9.0,5,4,2026-03-09,,2026-02-25,2026-02-25,included_or_no_issue
5801,5801,B,6,Course a pied_2026-03-11 16_22_17.fit,fit,running,2026-03-11,2026-03-11 16:22:17+00:00,2026-02-25,,2026-02-25,first_garmin_date,14.0,3.0,0.5,25-50%,True,23.083,23.083,0.0,11.65,20.75,3.412,2.464,8.87,2.655,3.36,1.0,0.899,1386,1385,1385,0,3,19,0,False,False,False,False,False,False,False,False,False,False,ok,True,19,2.0,6,1,2026-03-11,,2026-02-25,2026-02-25,included_or_no_issue
5801,5801,B,6,Course a pied_2026-03-12 15_39_23.fit,fit,running,2026-03-12,2026-03-12 15:39:23+00:00,2026-02-25,,2026-02-25,first_garmin_date,15.0,3.0,0.5,25-50%,True,19.95,19.95,0.0,19.95,18.7,2.998,2.504,9.015,2.65,3.344,1.0,0.937,1198,1197,1197,0,0,4,0,False,False,False,False,False,False,False,False,False,False,ok,True,21,4.0,7,2,2026-03-12,,2026-02-25,2026-02-25,included_or_no_issue
5801,5801,B,6,Course a pied_2026-03-14 09_25_12.fit,fit,running,2026-03-14,2026-03-14 09:25:12+00:00,2026-02-25,,2026-02-25,first_garmin_date,17.0,3.0,0.5,25-50%,True,23.033,23.033,0.0,22.883,20.533,3.371,2.439,8.781,2.635,3.435,1.0,0.891,1383,1382,1382,0,1,76,0,False,False,False,False,False,False,False,False,False,False,ok,True,24,7.0,8,3,2026-03-14,,2026-02-25,2026-02-25,included_or_no_issue
5801,5801,B,6,Course a pied_2026-03-16 15_29_54.fit,fit,running,2026-03-16,2026-03-16 15:29:54+00:00,2026-02-25,,2026-02-25,first_garmin_date,19.0,3.0,0.5,25-50%,True,23.217,23.217,0.0,23.217,21.25,3.526,2.531,9.111,2.75,3.43,1.0,0.915,1394,1393,1393,0,0,12,0,False,False,False,False,False,False,False,False,False,False,ok,True,28,11.0,9,4,2026-03-16,,2026-02-25,2026-02-25,included_or_no_issue
5801,5801,B,6,Course a pied_2026-03-18 08_45_58.fit,fit,running,2026-03-18,2026-03-18 08:45:58+00:00,2026-02-25,,2026-02-25,first_garmin_date,21.0,4.0,0.667,50-75%,True,25.0,25.0,0.0,25.0,23.4,3.826,2.551,9.183,2.73,3.36,1.0,0.936,1501,1500,1500,0,0,10,0,False,False,False,False,False,False,False,False,False,False,ok,True,30,1.0,10,1,2026-03-18,,2026-02-25,2026-02-25,included_or_no_issue
5801,5801,B,6,Course a pied_2026-03-21 09_26_53.fit,fit,running,2026-03-21,2026-03-21 09:26:53+00:00,2026-02-25,,2026-02-25,first_garmin_date,24.0,4.0,0.667,50-75%,True,20.033,20.033,0.0,11.767,17.35,2.964,2.466,8.878,2.79,3.55,1.0,0.866,1203,1202,1202,0,6,51,0,False,False,False,False,False,False,False,False,False,False,ok,True,35,6.0,11,2,2026-03-21,,2026-02-25,2026-02-25,included_or_no_issue
5801,5801,B,6,Course a pied_2026-03-22 09_29_19.fit,fit,running,2026-03-22,2026-03-22 09:29:19+00:00,2026-02-25,,2026-02-25,first_garmin_date,25.0,4.0,0.667,50-75%,True,20.017,20.017,0.0,20.017,19.983,3.597,2.995,10.783,2.99,3.54,1.0,0.998,1202,1201,1201,0,0,0,0,False,False,False,False,False,False,False,False,False,False,ok,True,36,7.0,12,3,2026-03-22,,2026-02-25,2026-02-25,included_or_no_issue
5801,5801,B,6,Course a pied_2026-03-23 16_26_42.fit,fit,running,2026-03-23,2026-03-23 16:26:42+00:00,2026-02-25,,2026-02-25,first_garmin_date,26.0,4.0,0.667,50-75%,True,21.7,21.7,0.0,21.583,19.567,3.434,2.637,9.495,2.88,3.5,1.0,0.902,1292,1291,1291,0,1,26,0,False,False,False,False,False,False,False,False,False,False,ok,True,37,8.0,13,4,2026-03-23,,2026-02-25,2026-02-25,included_or_no_issue
5801,5801,B,6,Course a pied_2026-03-25 16_07_13.fit,fit,running,2026-03-25,2026-03-25 16:07:13+00:00,2026-02-25,,2026-02-25,first_garmin_date,28.0,5.0,0.833,75-100%,True,31.883,31.883,0.0,17.083,28.817,5.119,2.676,9.633,2.89,3.55,1.0,0.904,1914,1913,1913,0,3,42,0,False,False,False,False,False,False,False,False,False,False,ok,True,39,1.0,14,1,2026-03-25,,2026-02-25,2026-02-25,included_or_no_issue
5801,5801,B,6,Course a pied_2026-03-27 15_01_00.fit,fit,running,2026-03-27,2026-03-27 15:01:09+00:00,2026-02-25,,2026-02-25,first_garmin_date,30.0,5.0,0.833,75-100%,True,42.483,40.5,1.983,15.367,26.383,4.695,1.842,6.631,2.24,4.127,0.953,0.651,2432,2431,2430,1,18,498,0,False,False,False,False,False,False,False,False,False,False,ok,True,42,4.0,15,2,2026-03-27,,2026-02-25,2026-02-25,included_or_no_issue
5801,5801,B,6,Course a pied_2026-03-29 07_20_00.fit,fit,running,2026-03-29,2026-03-29 07:20:43+00:00,2026-02-25,,2026-02-25,first_garmin_date,32.0,5.0,0.833,75-100%,True,25.017,25.017,0.0,17.783,24.65,4.6,3.064,11.032,3.1,3.63,1.0,0.985,1502,1501,1501,0,2,21,0,False,False,False,False,False,False,False,False,False,False,ok,True,43,5.0,16,3,2026-03-29,,2026-02-25,2026-02-25,included_or_no_issue
5801,5801,B,6,Course a pied_2026-03-30 15_42_04.fit,fit,running,2026-03-30,2026-03-30 15:42:04+00:00,2026-02-25,,2026-02-25,first_garmin_date,33.0,5.0,0.833,75-100%,True,28.183,28.183,0.0,14.167,26.667,4.795,2.836,10.209,2.99,3.56,1.0,0.946,1686,1685,1685,0,3,13,0,False,False,False,False,False,False,False,False,False,False,ok,True,46,8.0,17,4,2026-03-30,,2026-02-25,2026-02-25,included_or_no_issue
5801,5801,B,6,Course a pied_2026-04-02 15_53_41.fit,fit,running,2026-04-02,2026-04-02 15:53:41+00:00,2026-02-25,,2026-02-25,first_garmin_date,36.0,6.0,1.0,75-100%,True,29.067,29.067,0.0,14.667,28.433,5.202,2.983,10.737,3.04,3.642,1.0,0.978,1745,1744,1744,0,1,7,0,False,False,False,False,False,False,False,False,False,False,ok,True,48,2.0,18,1,2026-04-02,,2026-02-25,2026-02-25,included_or_no_issue
5801,5801,B,6,Course a pied_2026-04-04 13_48_27.fit,fit,running,2026-04-04,2026-04-04 13:48:27+00:00,2026-02-25,,2026-02-25,first_garmin_date,38.0,6.0,1.0,75-100%,True,23.333,23.333,0.0,23.333,21.367,3.821,2.729,9.825,2.93,3.55,1.0,0.916,1401,1400,1400,0,0,22,0,False,False,False,False,False,False,False,False,False,False,ok,True,49,3.0,19,2,2026-04-04,,2026-02-25,2026-02-25,included_or_no_issue
5801,5801,B,6,Course a pied_2026-04-05 08_06_53.fit,fit,running,2026-04-05,2026-04-05 08:06:53+00:00,2026-02-25,,2026-02-25,first_garmin_date,39.0,6.0,1.0,75-100%,True,27.017,27.017,0.0,17.45,23.383,3.71,2.289,8.24,2.48,3.19,1.0,0.866,1622,1621,1621,0,13,115,0,False,False,False,False,False,False,False,False,False,False,ok,True,50,4.0,20,3,2026-04-05,,2026-02-25,2026-02-25,included_or_no_issue
6018,6018,B,10,Course a pied_2026-03-19 14_17_32.fit,fit,running,2026-03-19,2026-03-19 14:17:32+00:00,2026-02-25,,2026-02-25,first_garmin_date,22.0,4.0,0.4,25-50%,True,28.017,28.017,0.0,7.5,25.95,4.078,2.426,8.733,2.53,2.87,1.0,0.926,339,338,338,0,9,1,0,False,False,False,False,False,False,False,False,False,False,ok,True,11,1.0,1,1,2026-03-19,,2026-02-25,2026-02-25,included_or_no_issue
6205,6205,A,6,Course a pied_2026-03-05 16_28_27.fit,fit,running,2026-03-05,2026-03-05 16:28:27+00:00,2026-03-04,,2026-03-04,first_garmin_date,1.0,1.0,0.167,0-25%,True,36.167,35.283,0.883,6.567,22.083,3.245,1.495,5.383,1.7,2.7,0.976,0.626,2107,2106,2105,1,51,405,0,False,False,False,False,False,False,False,False,False,False,ok,True,3,3.0,1,1,2026-03-05,,2026-03-04,2026-03-04,included_or_no_issue
6205,6205,A,6,Course a pied_2026-03-07 10_36_24.fit,fit,running,2026-03-07,2026-03-07 10:36:24+00:00,2026-03-04,,2026-03-04,first_garmin_date,3.0,1.0,0.167,0-25%,True,34.767,33.1,1.667,8.883,15.067,2.476,1.187,4.273,1.8,2.7,0.952,0.455,1978,1977,1976,1,85,741,0,False,False,False,False,False,False,False,False,False,False,ok,True,4,4.0,2,2,2026-03-07,,2026-03-04,2026-03-04,included_or_no_issue
6205,6205,A,6,Course a pied_2026-03-09 10_29_36.fit,fit,running,2026-03-09,2026-03-09 10:29:36+00:00,2026-03-04,,2026-03-04,first_garmin_date,5.0,1.0,0.167,0-25%,True,42.933,42.35,0.583,5.317,26.217,4.252,1.651,5.942,2.1,2.8,0.986,0.619,2536,2535,2534,1,58,473,0,False,False,False,False,False,False,False,False,False,False,ok,True,5,5.0,3,3,2026-03-09,,2026-03-04,2026-03-04,included_or_no_issue
6205,6205,A,6,Course a pied_2026-03-10 17_18_21.fit,fit,running,2026-03-10,2026-03-10 17:18:21+00:00,2026-03-04,,2026-03-04,first_garmin_date,6.0,1.0,0.167,0-25%,True,30.5,30.067,0.433,5.667,20.767,3.177,1.736,6.251,2.2,2.7,0.986,0.691,1803,1802,1801,1,38,254,0,False,False,False,False,False,False,False,False,False,False,ok,True,6,6.0,4,4,2026-03-10,,2026-03-04,2026-03-04,included_or_no_issue
6205,6205,A,6,Course a pied_2026-03-12 10_17_27.fit,fit,running,2026-03-12,2026-03-12 10:17:27+00:00,2026-03-04,,2026-03-04,first_garmin_date,8.0,2.0,0.333,25-50%,True,33.7,33.7,0.0,6.25,15.317,2.74,1.355,4.878,2.2,2.9,1.0,0.455,1992,1991,1991,0,100,714,0,False,False,False,False,False,False,False,False,False,False,ok,True,8,2.0,5,1,2026-03-12,,2026-03-04,2026-03-04,included_or_no_issue
6205,6205,A,6,Course a pied_2026-03-13 17_25_57.fit,fit,running,2026-03-13,2026-03-13 17:25:57+00:00,2026-03-04,,2026-03-04,first_garmin_date,9.0,2.0,0.333,25-50%,True,34.217,34.217,0.0,15.333,21.567,3.58,1.744,6.278,2.3,2.9,1.0,0.63,2054,2053,2053,0,48,399,0,False,False,False,False,False,False,False,False,False,False,ok,True,11,5.0,6,2,2026-03-13,,2026-03-04,2026-03-04,included_or_no_issue
6205,6205,A,6,Course a pied_2026-03-16 07_43_08.fit,fit,running,2026-03-16,2026-03-16 07:43:08+00:00,2026-03-04,,2026-03-04,first_garmin_date,12.0,2.0,0.333,25-50%,True,41.483,40.9,0.583,6.867,24.233,3.646,1.465,5.274,2.2,2.9,0.986,0.593,2449,2448,2447,1,88,743,0,False,False,False,False,False,False,False,False,False,False,ok,True,12,6.0,7,3,2026-03-16,,2026-03-04,2026-03-04,included_or_no_issue
6205,6205,A,6,Course a pied_2026-03-17 11_19_15.fit,fit,running,2026-03-17,2026-03-17 11:19:15+00:00,2026-03-04,,2026-03-04,first_garmin_date,13.0,2.0,0.333,25-50%,True,36.467,35.867,0.6,9.367,24.167,3.975,1.817,6.54,2.4,2.8,0.984,0.674,2147,2146,2145,1,52,383,0,False,False,False,False,False,False,False,False,False,False,ok,True,13,7.0,8,4,2026-03-17,,2026-03-04,2026-03-04,included_or_no_issue
6205,6205,A,6,Course a pied_2026-03-19 11_07_03.fit,fit,running,2026-03-19,2026-03-19 11:07:03+00:00,2026-03-04,,2026-03-04,first_garmin_date,15.0,3.0,0.5,25-50%,True,28.0,26.417,1.583,7.017,17.583,2.928,1.743,6.275,2.2,3.1,0.943,0.666,1566,1565,1564,1,29,233,0,False,False,False,False,False,False,False,False,False,False,ok,True,15,2.0,9,1,2026-03-19,,2026-03-04,2026-03-04,included_or_no_issue
6205,6205,A,6,Course a pied_2026-03-21 15_09_47.fit,fit,running,2026-03-21,2026-03-21 15:09:47+00:00,2026-03-04,,2026-03-04,first_garmin_date,17.0,3.0,0.5,25-50%,True,36.867,36.867,0.0,20.25,24.45,4.186,1.892,6.813,2.5,2.8,1.0,0.663,2213,2212,2212,0,54,341,0,False,False,False,False,False,False,False,False,False,False,ok,True,16,3.0,10,2,2026-03-21,,2026-03-04,2026-03-04,included_or_no_issue
6205,6205,A,6,Course a pied_2026-03-23 10_10_26.fit,fit,running,2026-03-23,2026-03-23 10:10:26+00:00,2026-03-04,,2026-03-04,first_garmin_date,19.0,3.0,0.5,25-50%,True,33.5,33.05,0.45,8.617,20.25,3.549,1.766,6.357,2.4,3.0,0.987,0.613,1979,1978,1977,1,60,328,0,False,False,False,False,False,False,False,False,False,False,ok,True,17,4.0,11,3,2026-03-23,,2026-03-04,2026-03-04,included_or_no_issue
6205,6205,A,6,Course a pied_2026-03-24 18_56_50.fit,fit,running,2026-03-24,2026-03-24 18:56:50+00:00,2026-03-04,,2026-03-04,first_garmin_date,20.0,3.0,0.5,25-50%,True,52.367,50.2,2.167,6.983,32.583,5.554,1.768,6.364,2.4,3.0,0.959,0.649,3004,3003,3002,1,72,549,0,False,False,False,False,False,False,False,False,False,False,ok,True,18,5.0,12,4,2026-03-24,,2026-03-04,2026-03-04,included_or_no_issue
6205,6205,A,6,Course a pied_2026-03-26 18_08_17.fit,fit,running,2026-03-26,2026-03-26 18:08:17+00:00,2026-03-04,,2026-03-04,first_garmin_date,22.0,4.0,0.667,50-75%,True,33.767,33.333,0.433,5.917,23.267,3.834,1.892,6.813,2.2,3.1,0.987,0.698,1995,1994,1993,1,39,228,0,False,False,False,False,False,False,False,False,False,False,ok,True,19,1.0,13,1,2026-03-26,,2026-03-04,2026-03-04,included_or_no_issue
6205,6205,A,6,Course a pied_2026-03-28 16_45_00.fit,fit,running,2026-03-28,2026-03-28 16:45:00+00:00,2026-03-04,,2026-03-04,first_garmin_date,24.0,4.0,0.667,50-75%,True,55.65,55.65,0.0,29.283,32.9,5.592,1.675,6.029,2.4,2.9,1.0,0.591,3340,3339,3339,0,115,870,0,False,False,False,False,False,False,False,False,False,False,ok,True,20,2.0,14,2,2026-03-28,,2026-03-04,2026-03-04,included_or_no_issue
6205,6205,A,6,Course a pied_2026-03-30 17_28_45.fit,fit,running,2026-03-30,2026-03-30 17:28:45+00:00,2026-03-04,,2026-03-04,first_garmin_date,26.0,4.0,0.667,50-75%,True,43.417,42.8,0.617,6.883,28.25,4.844,1.86,6.695,2.5,3.0,0.986,0.66,2558,2557,2556,1,74,458,0,False,False,False,False,False,False,False,False,False,False,ok,True,21,3.0,15,3,2026-03-30,,2026-03-04,2026-03-04,included_or_no_issue
6205,6205,A,6,Course a pied_2026-04-01 08_00_56.fit,fit,running,2026-04-01,2026-04-01 08:00:56+00:00,2026-03-04,,2026-03-04,first_garmin_date,28.0,5.0,0.833,75-100%,True,48.4,46.433,1.967,15.0,37.083,6.169,2.124,7.647,2.5,3.1,0.959,0.799,2789,2788,2786,2,25,175,0,False,False,False,False,False,False,False,False,False,False,ok,True,22,1.0,16,1,2026-04-01,,2026-03-04,2026-03-04,included_or_no_issue
6205,6205,A,6,Course a pied_2026-04-02 17_01_12.fit,fit,running,2026-04-02,2026-04-02 17:01:12+00:00,2026-03-04,,2026-03-04,first_garmin_date,29.0,5.0,0.833,75-100%,True,34.567,34.067,0.5,15.233,23.25,3.827,1.845,6.642,2.5,3.0,0.986,0.682,2046,2045,2044,1,44,362,0,False,False,False,False,False,False,False,False,False,False,ok,True,23,2.0,17,2,2026-04-02,,2026-03-04,2026-03-04,included_or_no_issue
6205,6205,A,6,Course a pied_2026-04-04 09_02_01.fit,fit,running,2026-04-04,2026-04-04 09:02:01+00:00,2026-03-04,,2026-03-04,first_garmin_date,31.0,5.0,0.833,75-100%,True,40.133,40.133,0.0,28.117,30.35,4.985,2.07,7.453,2.5,3.0,1.0,0.756,2404,2403,2403,0,40,290,0,False,False,False,False,False,False,False,False,False,False,ok,True,24,3.0,18,3,2026-04-04,,2026-03-04,2026-03-04,included_or_no_issue
6205,6205,A,6,Course a pied_2026-04-06 09_18_31.fit,fit,running,2026-04-06,2026-04-06 09:18:31+00:00,2026-03-04,,2026-03-04,first_garmin_date,33.0,5.0,0.833,75-100%,True,43.433,43.433,0.0,21.3,24.683,4.241,1.627,5.859,2.6,3.0,1.0,0.568,2607,2606,2606,0,99,829,0,False,False,False,False,False,False,False,False,False,False,ok,True,25,4.0,19,4,2026-04-06,,2026-03-04,2026-03-04,included_or_no_issue
6205,6205,A,6,Course a pied_2026-04-08 09_40_01.fit,fit,running,2026-04-08,2026-04-08 09:40:01+00:00,2026-03-04,,2026-03-04,first_garmin_date,35.0,6.0,1.0,75-100%,True,72.867,72.867,0.0,34.933,39.25,6.831,1.562,5.625,2.5,3.1,1.0,0.539,4373,4372,4372,0,166,1637,0,False,False,False,False,False,False,False,False,False,False,ok,True,26,1.0,20,1,2026-04-08,,2026-03-04,2026-03-04,included_or_no_issue
6205,6205,A,6,Course a pied_2026-04-09 17_15_38.fit,fit,running,2026-04-09,2026-04-09 17:15:38+00:00,2026-03-04,,2026-03-04,first_garmin_date,36.0,6.0,1.0,75-100%,True,61.783,61.783,0.0,25.483,31.317,5.492,1.482,5.334,2.5,3.0,1.0,0.507,3708,3707,3707,0,162,1317,0,False,False,False,False,False,False,False,False,False,False,ok,True,27,2.0,21,2,2026-04-09,,2026-03-04,2026-03-04,included_or_no_issue
6205,6205,A,6,Course a pied_2026-04-12 13_48_47.fit,fit,running,2026-04-12,2026-04-12 13:48:47+00:00,2026-03-04,,2026-03-04,first_garmin_date,39.0,6.0,1.0,75-100%,True,57.817,57.817,0.0,32.117,34.667,5.91,1.704,6.133,2.6,3.0,1.0,0.6,3470,3469,3469,0,125,1143,0,False,False,False,False,False,False,False,False,False,False,ok,True,28,3.0,22,3,2026-04-12,,2026-03-04,2026-03-04,included_or_no_issue
6557,6557,A,6,Running_2026-03-05 15_01_35.fit,fit,running,2026-03-05,2026-03-05 15:01:35+00:00,2026-03-04,,2026-03-04,first_garmin_date,1.0,1.0,0.167,0-25%,True,14.15,14.15,0.0,1.367,7.817,1.571,1.851,6.663,1.977,2.87,1.0,0.552,215,214,214,0,27,4,0,False,False,False,False,False,False,False,False,False,False,ok,True,2,2.0,2,2,2026-03-05,,2026-03-04,2026-03-04,included_or_no_issue
6557,6557,A,6,Running_2026-03-09 12_01_08.fit,fit,running,2026-03-09,2026-03-09 12:01:08+00:00,2026-03-04,,2026-03-04,first_garmin_date,5.0,1.0,0.167,0-25%,True,20.683,20.683,0.0,1.367,11.75,2.097,1.69,6.083,1.954,2.44,1.0,0.568,302,301,301,0,39,15,0,False,False,False,False,False,False,False,False,False,False,ok,True,5,5.0,3,3,2026-03-09,,2026-03-04,2026-03-04,included_or_no_issue
6557,6557,A,6,Running_2026-03-12 12_15_31.fit,fit,running,2026-03-12,2026-03-12 12:15:31+00:00,2026-03-04,,2026-03-04,first_garmin_date,8.0,2.0,0.333,25-50%,True,6.9,6.9,0.0,2.783,4.767,0.78,1.884,6.782,2.008,2.626,1.0,0.691,84,83,83,0,8,6,0,False,False,False,False,False,False,False,False,False,False,ok,True,8,2.0,4,1,2026-03-12,,2026-03-04,2026-03-04,included_or_no_issue
6557,6557,A,6,Running_2026-03-17 13_07_54.fit,fit,running,2026-03-17,2026-03-17 13:07:54+00:00,2026-03-04,,2026-03-04,first_garmin_date,13.0,2.0,0.333,25-50%,True,13.033,13.033,0.0,2.183,8.783,1.465,1.873,6.742,2.077,2.553,1.0,0.674,173,172,172,0,18,7,0,False,False,False,False,False,False,False,False,False,False,ok,True,12,6.0,5,2,2026-03-17,,2026-03-04,2026-03-04,included_or_no_issue
6557,6557,A,6,Running_2026-03-18 12_36_41.fit,fit,running,2026-03-18,2026-03-18 12:36:41+00:00,2026-03-04,,2026-03-04,first_garmin_date,14.0,3.0,0.5,25-50%,True,15.217,15.217,0.0,2.383,10.883,1.757,1.925,6.929,2.11,2.481,1.0,0.715,203,202,202,0,18,4,0,False,False,False,False,False,False,False,False,False,False,ok,True,14,1.0,6,1,2026-03-18,,2026-03-04,2026-03-04,included_or_no_issue
6557,6557,A,6,Running_2026-03-21 13_35_02.fit,fit,running,2026-03-21,2026-03-21 13:35:02+00:00,2026-03-04,,2026-03-04,first_garmin_date,17.0,3.0,0.5,25-50%,True,12.283,12.283,0.0,2.417,8.533,1.422,1.929,6.946,2.139,2.642,1.0,0.695,210,209,209,0,17,4,0,False,False,False,False,False,False,False,False,False,False,ok,True,17,4.0,7,2,2026-03-21,,2026-03-04,2026-03-04,included_or_no_issue
6557,6557,A,6,Running_2026-03-23 13_15_58.fit,fit,running,2026-03-23,2026-03-23 13:15:58+00:00,2026-03-04,,2026-03-04,first_garmin_date,19.0,3.0,0.5,25-50%,True,16.15,16.15,0.0,3.417,12.283,1.865,1.925,6.93,2.179,2.532,1.0,0.761,257,256,256,0,17,16,0,False,False,False,False,False,False,False,False,False,False,ok,True,20,7.0,8,3,2026-03-23,,2026-03-04,2026-03-04,included_or_no_issue
6557,6557,A,6,Running_2026-03-31 09_01_44.fit,fit,running,2026-03-31,2026-03-31 09:01:44+00:00,2026-03-04,,2026-03-04,first_garmin_date,27.0,4.0,0.667,50-75%,True,20.117,20.117,0.0,3.483,15.383,2.308,1.912,6.885,2.045,2.404,1.0,0.765,248,247,247,0,22,3,0,False,False,False,False,False,False,False,False,False,False,ok,True,27,6.0,9,1,2026-03-31,,2026-03-04,2026-03-04,included_or_no_issue
6557,6557,A,6,Running_2026-04-06 12_24_03.fit,fit,running,2026-04-06,2026-04-06 12:24:03+00:00,2026-03-04,,2026-03-04,first_garmin_date,33.0,5.0,0.833,75-100%,True,50.717,50.717,0.0,5.917,17.95,4.353,1.43,5.15,1.536,2.533,1.0,0.354,587,586,586,0,159,52,0,False,False,False,False,False,False,False,False,False,False,ok,True,30,2.0,10,1,2026-04-06,,2026-03-04,2026-03-04,included_or_no_issue
6557,6557,A,6,Running_2026-04-08 11_35_40.fit,fit,running,2026-04-08,2026-04-08 11:35:40+00:00,2026-03-04,,2026-03-04,first_garmin_date,35.0,6.0,1.0,75-100%,True,38.767,38.767,0.0,3.6,22.883,3.822,1.643,5.916,1.617,2.444,1.0,0.59,437,436,436,0,69,14,0,False,False,False,False,False,False,False,False,False,False,ok,True,32,1.0,11,1,2026-04-08,,2026-03-04,2026-03-04,included_or_no_issue
6557,6557,A,6,Running_2026-04-09 11_09_25.fit,fit,running,2026-04-09,2026-04-09 11:09:25+00:00,2026-03-04,,2026-03-04,first_garmin_date,36.0,6.0,1.0,75-100%,True,43.083,43.083,0.0,5.333,17.283,3.867,1.496,5.385,1.546,2.546,1.0,0.401,546,545,545,0,126,27,0,False,False,False,False,False,False,False,False,False,False,ok,True,33,2.0,12,2,2026-04-09,,2026-03-04,2026-03-04,included_or_no_issue
6841,6841,A,7,Course a pied_2026-02-26 13_30_12.fit,fit,running,2026-02-26,2026-02-26 13:30:12+00:00,2026-02-26,,2026-02-26,first_garmin_date,0.0,1.0,0.143,0-25%,True,27.683,27.683,0.0,4.617,16.9,2.746,1.653,5.951,1.61,2.65,1.0,0.61,1662,1661,1661,0,17,96,0,False,False,False,False,False,False,False,False,False,False,ok,True,1,1.0,1,1,2026-02-26,,2026-02-26,2026-02-26,included_or_no_issue
6841,6841,A,7,Course a pied_2026-02-28 06_55_15.fit,fit,running,2026-02-28,2026-02-28 06:55:15+00:00,2026-02-26,,2026-02-26,first_garmin_date,2.0,1.0,0.143,0-25%,True,22.667,20.467,2.2,5.267,9.15,1.753,1.289,4.641,1.74,2.84,0.903,0.447,1230,1229,1228,1,50,401,0,False,False,False,False,False,False,False,False,False,False,ok,True,2,2.0,2,2,2026-02-28,,2026-02-26,2026-02-26,included_or_no_issue
6841,6841,A,7,Course a pied_2026-03-02 13_46_20.fit,fit,running,2026-03-02,2026-03-02 13:46:20+00:00,2026-02-26,,2026-02-26,first_garmin_date,4.0,1.0,0.143,0-25%,True,34.683,34.683,0.0,5.95,16.267,2.898,1.393,5.014,1.61,2.98,1.0,0.469,2082,2081,2081,0,66,572,0,False,False,False,False,False,False,False,False,False,False,ok,True,3,3.0,3,3,2026-03-02,,2026-02-26,2026-02-26,included_or_no_issue
6841,6841,A,7,Course a pied_2026-03-04 11_24_12.fit,fit,running,2026-03-04,2026-03-04 11:24:12+00:00,2026-02-26,,2026-02-26,first_garmin_date,6.0,1.0,0.143,0-25%,True,35.0,35.0,0.0,8.567,15.667,3.222,1.534,5.523,1.53,3.029,1.0,0.448,2091,2090,2090,0,61,347,0,False,False,False,False,False,False,False,False,False,False,ok,True,4,4.0,4,4,2026-03-04,,2026-02-26,2026-02-26,included_or_no_issue
6841,6841,A,7,Course a pied_2026-03-05 17_20_11.fit,fit,running,2026-03-05,2026-03-05 17:20:11+00:00,2026-02-26,,2026-02-26,first_garmin_date,7.0,2.0,0.286,25-50%,True,18.95,18.95,0.0,8.233,12.833,2.156,1.897,6.828,1.93,3.169,1.0,0.677,1138,1137,1137,0,11,133,0,False,False,False,False,False,False,False,False,False,False,ok,True,5,1.0,5,1,2026-03-05,,2026-02-26,2026-02-26,included_or_no_issue
6841,6841,A,7,Course a pied_2026-03-07 11_07_26.fit,fit,running,2026-03-07,2026-03-07 11:07:26+00:00,2026-02-26,,2026-02-26,first_garmin_date,9.0,2.0,0.286,25-50%,True,22.217,22.217,0.0,14.3,17.083,2.668,2.001,7.205,1.9,3.1,1.0,0.769,1334,1333,1333,0,1,46,0,False,False,False,False,False,False,False,False,False,False,ok,True,6,2.0,6,2,2026-03-07,,2026-02-26,2026-02-26,included_or_no_issue
6841,6841,A,7,Course a pied_2026-03-10 18_21_23.fit,fit,running,2026-03-10,2026-03-10 18:21:23+00:00,2026-02-26,,2026-02-26,first_garmin_date,12.0,2.0,0.286,25-50%,True,23.183,16.017,7.167,9.983,10.817,1.847,1.328,4.781,2.445,3.324,0.691,0.675,963,962,961,1,18,187,0,False,False,False,False,False,False,False,False,False,False,ok,True,7,3.0,7,3,2026-03-10,,2026-02-26,2026-02-26,included_or_no_issue
6841,6841,A,7,Course a pied_2026-03-12 11_27_52.fit,fit,running,2026-03-12,2026-03-12 11:27:52+00:00,2026-02-26,,2026-02-26,first_garmin_date,14.0,3.0,0.429,25-50%,True,22.6,22.6,0.0,13.017,17.933,2.941,2.169,7.808,2.36,3.121,1.0,0.794,1357,1356,1356,0,2,56,0,False,False,False,False,False,False,False,False,False,False,ok,True,8,1.0,8,1,2026-03-12,,2026-02-26,2026-02-26,included_or_no_issue
6841,6841,A,7,Course a pied_2026-03-14 08_51_19.fit,fit,running,2026-03-14,2026-03-14 08:51:19+00:00,2026-02-26,,2026-02-26,first_garmin_date,16.0,3.0,0.429,25-50%,True,11.033,11.033,0.0,5.733,10.3,1.626,2.455,8.84,2.52,3.17,1.0,0.934,663,662,662,0,1,12,0,False,False,False,False,False,False,False,False,False,False,ok,True,10,3.0,9,2,2026-03-14,,2026-02-26,2026-02-26,included_or_no_issue
6841,6841,A,7,Course a pied_2026-03-15 16_19_02.fit,fit,running,2026-03-15,2026-03-15 16:19:02+00:00,2026-02-26,,2026-02-26,first_garmin_date,17.0,3.0,0.429,25-50%,True,12.05,12.05,0.0,12.05,11.383,1.753,2.425,8.73,2.52,3.05,1.0,0.945,724,723,723,0,0,4,0,False,False,False,False,False,False,False,False,False,False,ok,True,11,4.0,10,3,2026-03-15,,2026-02-26,2026-02-26,included_or_no_issue
6841,6841,A,7,Course a pied_2026-03-17 18_22_31.fit,fit,running,2026-03-17,2026-03-17 18:22:31+00:00,2026-02-26,,2026-02-26,first_garmin_date,19.0,3.0,0.429,25-50%,True,22.333,21.05,1.283,4.5,15.417,2.658,1.984,7.141,2.36,3.154,0.943,0.732,1265,1264,1263,1,13,90,0,False,False,False,False,False,False,False,False,False,False,ok,True,12,5.0,11,4,2026-03-17,,2026-02-26,2026-02-26,included_or_no_issue
6841,6841,A,7,Course a pied_2026-03-18 12_14_13.fit,fit,running,2026-03-18,2026-03-18 12:14:13+00:00,2026-02-26,,2026-02-26,first_garmin_date,20.0,3.0,0.429,25-50%,True,22.05,22.05,0.0,22.05,16.017,2.907,2.198,7.911,2.47,5.22,1.0,0.726,1324,1323,1323,0,0,251,0,False,False,False,False,False,False,False,False,False,False,ok,True,13,6.0,12,5,2026-03-18,,2026-02-26,2026-02-26,included_or_no_issue
6841,6841,A,7,Course a pied_2026-03-21 16_22_41.fit,fit,running,2026-03-21,2026-03-21 16:22:41+00:00,2026-02-26,,2026-02-26,first_garmin_date,23.0,4.0,0.571,50-75%,True,15.75,15.75,0.0,5.0,13.283,2.116,2.239,8.06,2.395,3.13,1.0,0.843,946,945,945,0,5,37,0,False,False,False,False,False,False,False,False,False,False,ok,True,14,1.0,13,1,2026-03-21,,2026-02-26,2026-02-26,included_or_no_issue
6841,6841,A,7,Course a pied_2026-03-22 16_23_33.fit,fit,running,2026-03-22,2026-03-22 16:23:33+00:00,2026-02-26,,2026-02-26,first_garmin_date,24.0,4.0,0.571,50-75%,True,22.367,22.367,0.0,7.517,14.6,2.4,1.788,6.438,2.24,2.97,1.0,0.653,1343,1342,1342,0,31,270,0,False,False,False,False,False,False,False,False,False,False,ok,True,15,2.0,14,2,2026-03-22,,2026-02-26,2026-02-26,included_or_no_issue
6841,6841,A,7,Course a pied_2026-03-24 07_31_45.fit,fit,running,2026-03-24,2026-03-24 07:31:45+00:00,2026-02-26,,2026-02-26,first_garmin_date,26.0,4.0,0.571,50-75%,True,25.583,25.583,0.0,7.467,15.483,2.599,1.693,6.095,2.22,4.15,1.0,0.605,1536,1535,1535,0,45,426,0,False,False,False,False,False,False,False,False,False,False,ok,True,16,3.0,15,3,2026-03-24,,2026-02-26,2026-02-26,included_or_no_issue
6841,6841,A,7,Course a pied_2026-03-27 16_18_41.fit,fit,running,2026-03-27,2026-03-27 16:18:41+00:00,2026-02-26,,2026-02-26,first_garmin_date,29.0,5.0,0.714,50-75%,True,18.65,18.0,0.65,7.017,16.25,2.475,2.212,7.962,2.39,3.006,0.965,0.903,1082,1081,1080,1,2,31,0,False,False,False,False,False,False,False,False,False,False,ok,True,17,1.0,16,1,2026-03-27,,2026-02-26,2026-02-26,included_or_no_issue
6841,6841,A,7,Course a pied_2026-03-28 11_16_30.fit,fit,running,2026-03-28,2026-03-28 11:16:30+00:00,2026-02-26,,2026-02-26,first_garmin_date,30.0,5.0,0.714,50-75%,True,20.433,20.433,0.0,9.633,18.7,2.791,2.276,8.194,2.37,2.82,1.0,0.915,1227,1226,1226,0,3,28,0,False,False,False,False,False,False,False,False,False,False,ok,True,18,2.0,17,2,2026-03-28,,2026-02-26,2026-02-26,included_or_no_issue
6841,6841,A,7,Course a pied_2026-03-29 14_31_23.fit,fit,running,2026-03-29,2026-03-29 14:31:23+00:00,2026-02-26,,2026-02-26,first_garmin_date,31.0,5.0,0.714,50-75%,True,31.317,31.317,0.0,14.8,23.883,3.805,2.025,7.289,2.18,2.98,1.0,0.763,1880,1879,1879,0,17,108,0,False,False,False,False,False,False,False,False,False,False,ok,True,19,3.0,18,3,2026-03-29,,2026-02-26,2026-02-26,included_or_no_issue
6841,6841,A,7,Course a pied_2026-04-06 14_37_44.fit,fit,running,2026-04-06,2026-04-06 14:37:44+00:00,2026-02-26,,2026-02-26,first_garmin_date,39.0,6.0,0.857,75-100%,True,22.567,22.117,0.45,12.467,19.95,3.071,2.268,8.164,2.43,3.21,0.98,0.902,1329,1328,1327,1,6,60,0,False,False,False,False,False,False,False,False,False,False,ok,True,20,1.0,19,1,2026-04-06,,2026-02-26,2026-02-26,included_or_no_issue
6841,6841,A,7,Course a pied_2026-04-08 12_01_48.fit,fit,running,2026-04-08,2026-04-08 12:01:48+00:00,2026-02-26,,2026-02-26,first_garmin_date,41.0,6.0,0.857,75-100%,True,20.6,20.083,0.517,20.033,19.85,3.023,2.446,8.806,2.51,3.17,0.975,0.988,1207,1206,1205,1,0,9,0,False,False,False,False,False,False,False,False,False,False,ok,True,21,2.0,20,2,2026-04-08,,2026-02-26,2026-02-26,included_or_no_issue
6841,6841,A,7,Course a pied_2026-04-10 14_40_03.fit,fit,running,2026-04-10,2026-04-10 14:40:03+00:00,2026-02-26,,2026-02-26,first_garmin_date,43.0,7.0,1.0,75-100%,True,20.6,19.233,1.367,9.517,15.85,2.575,2.084,7.501,2.4,2.98,0.934,0.824,1156,1155,1154,1,9,26,0,False,False,False,False,False,False,False,False,False,False,ok,True,22,1.0,21,1,2026-04-10,,2026-02-26,2026-02-26,included_or_no_issue
6841,6841,A,7,Course a pied_2026-04-13 16_24_30.fit,fit,running,2026-04-13,2026-04-13 16:24:30+00:00,2026-02-26,,2026-02-26,first_garmin_date,46.0,7.0,1.0,75-100%,True,25.033,25.033,0.0,25.033,24.3,3.679,2.449,8.818,2.47,3.13,1.0,0.971,1503,1502,1502,0,0,18,0,False,False,False,False,False,False,False,False,False,False,ok,True,23,2.0,22,2,2026-04-13,,2026-02-26,2026-02-26,included_or_no_issue
6841,6841,A,7,Course a pied_2026-04-15 10_27_36.fit,fit,running,2026-04-15,2026-04-15 10:27:36+00:00,2026-02-26,,2026-02-26,first_garmin_date,48.0,7.0,1.0,75-100%,True,16.483,16.483,0.0,10.45,15.133,2.27,2.296,8.264,2.44,3.06,1.0,0.918,968,967,967,0,2,35,0,False,False,False,False,False,False,False,False,False,False,ok,True,24,3.0,23,3,2026-04-15,,2026-02-26,2026-02-26,included_or_no_issue
7050,7050,A,8,Course a pied_2026-03-02 15_58_33.fit,fit,running,2026-03-02,2026-03-02 15:58:33+00:00,2026-02-25,,2026-02-25,first_garmin_date,5.0,1.0,0.125,0-25%,True,11.267,11.267,0.0,3.733,5.567,1.127,1.668,6.003,1.56,3.02,1.0,0.494,677,676,676,0,9,85,0,False,False,False,False,False,False,False,False,False,False,ok,True,12,12.0,1,1,2026-03-02,,2026-02-25,2026-02-25,included_or_no_issue
7050,7050,A,8,Course a pied_2026-03-09 08_48_54.fit,fit,running,2026-03-09,2026-03-09 08:48:54+00:00,2026-02-25,,2026-02-25,first_garmin_date,12.0,2.0,0.25,0-25%,True,19.033,19.033,0.0,4.083,7.883,1.917,1.679,6.044,1.49,3.25,1.0,0.414,1143,1142,1142,0,39,186,0,False,False,False,False,False,False,False,False,False,False,ok,True,15,3.0,2,1,2026-03-09,,2026-02-25,2026-02-25,included_or_no_issue
7050,7050,A,8,Course a pied_2026-03-12 09_07_53.fit,fit,running,2026-03-12,2026-03-12 09:07:53+00:00,2026-02-25,,2026-02-25,first_garmin_date,15.0,3.0,0.375,25-50%,True,22.433,22.433,0.0,6.217,11.417,2.45,1.82,6.554,1.57,3.4,1.0,0.509,1347,1346,1346,0,22,128,0,False,False,False,False,False,False,False,False,False,False,ok,True,18,3.0,3,1,2026-03-12,,2026-02-25,2026-02-25,included_or_no_issue
7050,7050,A,8,Course a pied_2026-03-14 10_06_15.fit,fit,running,2026-03-14,2026-03-14 10:06:15+00:00,2026-02-25,,2026-02-25,first_garmin_date,17.0,3.0,0.375,25-50%,True,18.383,18.383,0.0,7.717,11.433,2.157,1.956,7.042,1.77,3.577,1.0,0.622,1084,1083,1083,0,12,96,0,False,False,False,False,False,False,False,False,False,False,ok,True,20,5.0,4,2,2026-03-14,,2026-02-25,2026-02-25,included_or_no_issue
7050,7050,A,8,Course a pied_2026-03-16 18_20_12.fit,fit,running,2026-03-16,2026-03-16 18:20:12+00:00,2026-02-25,,2026-02-25,first_garmin_date,19.0,3.0,0.375,25-50%,True,21.067,21.067,0.0,4.15,12.95,2.405,1.902,6.848,1.71,3.43,1.0,0.615,1265,1264,1264,0,15,83,0,False,False,False,False,False,False,False,False,False,False,ok,True,23,8.0,5,3,2026-03-16,,2026-02-25,2026-02-25,included_or_no_issue
7050,7050,A,8,Course a pied_2026-03-17 06_57_28.fit,fit,running,2026-03-17,2026-03-17 06:57:28+00:00,2026-02-25,,2026-02-25,first_garmin_date,20.0,3.0,0.375,25-50%,True,22.883,22.883,0.0,3.783,13.833,2.764,2.013,7.248,1.775,3.53,1.0,0.605,1374,1373,1373,0,13,113,0,False,False,False,False,False,False,False,False,False,False,ok,True,24,9.0,6,4,2026-03-17,,2026-02-25,2026-02-25,included_or_no_issue
7050,7050,A,8,Course a pied_2026-03-20 17_11_40.fit,fit,running,2026-03-20,2026-03-20 17:11:40+00:00,2026-02-25,,2026-02-25,first_garmin_date,23.0,4.0,0.5,25-50%,True,22.767,20.45,2.317,3.183,10.367,2.291,1.677,6.037,1.84,3.32,0.898,0.507,1229,1228,1227,1,35,196,0,False,False,False,False,False,False,False,False,False,False,ok,True,27,2.0,7,1,2026-03-20,,2026-02-25,2026-02-25,included_or_no_issue
7050,7050,A,8,Course a pied_2026-03-21 07_53_08.fit,fit,running,2026-03-21,2026-03-21 07:53:08+00:00,2026-02-25,,2026-02-25,first_garmin_date,24.0,4.0,0.5,25-50%,True,19.067,19.067,0.0,4.283,11.35,2.321,2.029,7.304,1.86,3.435,1.0,0.595,1145,1144,1144,0,21,93,0,False,False,False,False,False,False,False,False,False,False,ok,True,29,4.0,8,2,2026-03-21,,2026-02-25,2026-02-25,included_or_no_issue
7050,7050,A,8,Course a pied_2026-03-23 18_37_08.fit,fit,running,2026-03-23,2026-03-23 18:37:08+00:00,2026-02-25,,2026-02-25,first_garmin_date,26.0,4.0,0.5,25-50%,True,21.85,21.85,0.0,3.717,11.467,2.437,1.859,6.693,1.79,3.39,1.0,0.525,1312,1311,1311,0,31,227,0,False,False,False,False,False,False,False,False,False,False,ok,True,32,7.0,9,3,2026-03-23,,2026-02-25,2026-02-25,included_or_no_issue
7050,7050,A,8,Course a pied_2026-03-25 06_46_50.fit,fit,running,2026-03-25,2026-03-25 06:46:50+00:00,2026-02-25,,2026-02-25,first_garmin_date,28.0,5.0,0.625,50-75%,True,20.017,20.017,0.0,9.833,14.3,2.756,2.294,8.26,2.68,3.52,1.0,0.714,1202,1201,1201,0,12,99,0,False,False,False,False,False,False,False,False,False,False,ok,True,33,1.0,10,1,2026-03-25,,2026-02-25,2026-02-25,included_or_no_issue
7050,7050,A,8,Course a pied_2026-03-27 06_27_08.fit,fit,running,2026-03-27,2026-03-27 06:27:08+00:00,2026-02-25,,2026-02-25,first_garmin_date,30.0,5.0,0.625,50-75%,True,21.0,21.0,0.0,9.833,15.367,2.705,2.147,7.728,2.34,3.45,1.0,0.732,1261,1260,1260,0,7,109,0,False,False,False,False,False,False,False,False,False,False,ok,True,38,6.0,11,2,2026-03-27,,2026-02-25,2026-02-25,included_or_no_issue
7050,7050,A,8,Course a pied_2026-03-29 15_07_56.fit,fit,running,2026-03-29,2026-03-29 15:07:56+00:00,2026-02-25,,2026-02-25,first_garmin_date,32.0,5.0,0.625,50-75%,True,18.683,18.683,0.0,11.317,12.683,2.388,2.13,7.669,2.56,3.37,1.0,0.679,1122,1121,1121,0,12,133,0,False,False,False,False,False,False,False,False,False,False,ok,True,39,7.0,12,3,2026-03-29,,2026-02-25,2026-02-25,included_or_no_issue
7050,7050,A,8,Course a pied_2026-03-31 05_50_41.fit,fit,running,2026-03-31,2026-03-31 05:50:41+00:00,2026-02-25,,2026-02-25,first_garmin_date,34.0,5.0,0.625,50-75%,True,22.65,22.65,0.0,7.45,15.667,3.08,2.266,8.159,2.63,3.581,1.0,0.692,1358,1357,1357,0,18,78,0,False,False,False,False,False,False,False,False,False,False,ok,True,40,8.0,13,4,2026-03-31,,2026-02-25,2026-02-25,included_or_no_issue
7050,7050,A,8,Course a pied_2026-04-02 06_09_04.fit,fit,running,2026-04-02,2026-04-02 06:09:04+00:00,2026-02-25,,2026-02-25,first_garmin_date,36.0,6.0,0.75,50-75%,True,27.3,27.3,0.0,18.183,19.7,3.662,2.235,8.048,2.58,3.39,1.0,0.722,1639,1638,1638,0,19,110,0,False,False,False,False,False,False,False,False,False,False,ok,True,42,2.0,14,1,2026-04-02,,2026-02-25,2026-02-25,included_or_no_issue
7050,7050,A,8,Course a pied_2026-04-03 17_19_16.fit,fit,running,2026-04-03,2026-04-03 17:19:16+00:00,2026-02-25,,2026-02-25,first_garmin_date,37.0,6.0,0.75,50-75%,True,18.483,18.483,0.0,5.133,14.65,2.697,2.432,8.754,2.78,3.52,1.0,0.793,1109,1108,1108,0,8,57,0,False,False,False,False,False,False,False,False,False,False,ok,True,44,4.0,15,2,2026-04-03,,2026-02-25,2026-02-25,included_or_no_issue
7050,7050,A,8,Course a pied_2026-04-05 06_05_45.fit,fit,running,2026-04-05,2026-04-05 06:05:45+00:00,2026-02-25,,2026-02-25,first_garmin_date,39.0,6.0,0.75,50-75%,True,23.267,22.633,0.633,14.417,17.3,3.197,2.29,8.245,2.66,3.51,0.973,0.764,1360,1359,1358,1,14,74,0,False,False,False,False,False,False,False,False,False,False,ok,True,45,5.0,16,3,2026-04-05,,2026-02-25,2026-02-25,included_or_no_issue
7050,7050,A,8,Course a pied_2026-04-06 07_05_30.fit,fit,running,2026-04-06,2026-04-06 07:05:30+00:00,2026-02-25,,2026-02-25,first_garmin_date,40.0,6.0,0.75,50-75%,True,20.817,20.817,0.0,7.717,16.183,2.997,2.399,8.637,2.73,3.47,1.0,0.777,1250,1249,1249,0,12,66,0,False,False,False,False,False,False,False,False,False,False,ok,True,46,6.0,17,4,2026-04-06,,2026-02-25,2026-02-25,included_or_no_issue
7050,7050,A,8,Course a pied_2026-04-08 16_41_31.fit,fit,running,2026-04-08,2026-04-08 16:41:31+00:00,2026-02-25,,2026-02-25,first_garmin_date,42.0,7.0,0.875,75-100%,True,30.35,30.35,0.0,7.417,21.067,4.101,2.252,8.107,2.8,3.492,1.0,0.694,1822,1821,1821,0,33,263,0,False,False,False,False,False,False,False,False,False,False,ok,True,48,2.0,18,1,2026-04-08,,2026-02-25,2026-02-25,included_or_no_issue
7050,7050,A,8,Course a pied_2026-04-11 06_50_56.fit,fit,running,2026-04-11,2026-04-11 06:50:56+00:00,2026-02-25,,2026-02-25,first_garmin_date,45.0,7.0,0.875,75-100%,True,23.95,23.95,0.0,9.983,19.667,3.582,2.493,8.974,2.81,3.527,1.0,0.821,1438,1437,1437,0,13,113,0,False,False,False,False,False,False,False,False,False,False,ok,True,50,4.0,19,2,2026-04-11,,2026-02-25,2026-02-25,included_or_no_issue
7050,7050,A,8,Course a pied_2026-04-12 07_14_17.fit,fit,running,2026-04-12,2026-04-12 07:14:17+00:00,2026-02-25,,2026-02-25,first_garmin_date,46.0,7.0,0.875,75-100%,True,20.067,20.067,0.0,20.067,20.05,3.602,2.992,10.771,2.99,3.56,1.0,0.999,1205,1204,1204,0,0,1,0,False,False,False,False,False,False,False,False,False,False,ok,True,51,5.0,20,3,2026-04-12,,2026-02-25,2026-02-25,included_or_no_issue
7050,7050,A,8,Course a pied 20'_2026-04-15 10_27_00.fit,fit,running,2026-04-15,2026-04-15 10:27:37+00:00,2026-02-25,,2026-02-25,first_garmin_date,49.0,8.0,1.0,75-100%,True,20.017,20.017,0.0,20.017,20.0,3.466,2.886,10.389,2.89,3.49,1.0,0.999,1202,1201,1201,0,0,0,0,False,False,False,False,False,False,False,False,False,False,ok,True,52,1.0,21,1,2026-04-15,,2026-02-25,2026-02-25,included_or_no_issue
7050,7050,A,8,Course a pied (Programme PP - hors RECONNEXION)_2026-04-17 06_20_00.fit,fit,running,2026-04-17,2026-04-17 06:20:23+00:00,2026-02-25,,2026-02-25,first_garmin_date,51.0,8.0,1.0,75-100%,True,16.967,15.233,1.733,6.617,15.05,2.617,2.571,9.256,2.89,3.44,0.898,0.988,907,906,905,1,1,1,0,False,False,False,False,False,False,False,False,False,False,ok,True,54,3.0,22,2,2026-04-17,,2026-02-25,2026-02-25,included_or_no_issue
7050,7050,A,8,COURSE 2-3_2026-04-19 06_00_41.fit,fit,running,2026-04-19,2026-04-19 06:00:41+00:00,2026-02-25,,2026-02-25,first_garmin_date,53.0,8.0,1.0,75-100%,True,26.367,26.367,0.0,26.367,26.25,4.008,2.533,9.119,2.52,3.13,1.0,0.996,1583,1582,1582,0,0,0,0,False,False,False,False,False,False,False,False,False,False,ok,True,56,5.0,23,3,2026-04-19,,2026-02-25,2026-02-25,included_or_no_issue
7050,7050,A,8,COURSE 1-3_2026-04-21 16_03_00.fit,fit,running,2026-04-21,2026-04-21 16:03:40+00:00,2026-02-25,,2026-02-25,first_garmin_date,55.0,8.0,1.0,75-100%,True,15.017,15.017,0.0,15.017,14.667,2.535,2.814,10.13,2.88,3.54,1.0,0.977,902,901,901,0,0,17,0,False,False,False,False,False,False,False,False,False,False,ok,True,59,8.0,24,4,2026-04-21,,2026-02-25,2026-02-25,included_or_no_issue
8441,8441,A,8,Course a pied_2026-03-01 09_52_22.fit,fit,running,2026-03-01,2026-03-01 09:52:22+00:00,2026-02-27,,2026-02-27,first_garmin_date,2.0,1.0,0.125,0-25%,True,22.3,22.3,0.0,22.3,15.567,2.634,1.969,7.087,3.0,4.0,1.0,0.698,1327,1326,1326,0,0,400,0,False,False,False,False,False,False,False,False,False,False,ok,True,2,2.0,1,1,2026-03-01,,2026-02-27,2026-02-27,included_or_no_issue
8441,8441,A,8,Course a pied_2026-03-04 16_28_01.fit,fit,running,2026-03-04,2026-03-04 16:28:01+00:00,2026-02-27,,2026-02-27,first_garmin_date,5.0,1.0,0.125,0-25%,True,36.117,35.1,1.017,25.55,24.567,3.944,1.82,6.552,3.0,3.0,0.972,0.7,2100,2099,2098,1,2,632,0,False,False,False,False,False,False,False,False,False,False,ok,True,7,7.0,2,2,2026-03-04,,2026-02-27,2026-02-27,included_or_no_issue
8441,8441,A,8,Course a pied_2026-03-07 16_15_43.fit,fit,running,2026-03-07,2026-03-07 16:15:43+00:00,2026-02-27,,2026-02-27,first_garmin_date,8.0,2.0,0.25,0-25%,True,52.567,52.567,0.0,22.367,20.333,3.238,1.027,3.696,3.0,3.0,1.0,0.387,3119,3118,3118,0,164,1896,0,False,False,False,False,False,False,False,False,False,False,ok,True,11,2.0,3,1,2026-03-07,,2026-02-27,2026-02-27,included_or_no_issue
8441,8441,A,8,Course a pied_2026-03-09 08_57_36.fit,fit,running,2026-03-09,2026-03-09 08:57:36+00:00,2026-02-27,,2026-02-27,first_garmin_date,10.0,2.0,0.25,0-25%,True,34.1,34.1,0.0,34.1,22.333,3.784,1.849,6.658,3.0,4.0,1.0,0.655,2039,2038,2038,0,0,697,0,False,False,False,False,False,False,False,False,False,False,ok,True,12,3.0,4,2,2026-03-09,,2026-02-27,2026-02-27,included_or_no_issue
8441,8441,A,8,Course a pied_2026-03-10 16_45_58.fit,fit,running,2026-03-10,2026-03-10 16:45:58+00:00,2026-02-27,,2026-02-27,first_garmin_date,11.0,2.0,0.25,0-25%,True,48.0,42.633,5.367,34.85,25.633,3.976,1.381,4.97,3.0,3.0,0.888,0.601,2551,2550,2549,1,16,965,0,False,False,False,False,False,False,False,False,False,False,ok,True,13,4.0,5,3,2026-03-10,,2026-02-27,2026-02-27,included_or_no_issue
8441,8441,A,8,Course a pied_2026-03-11 17_02_25.fit,fit,running,2026-03-11,2026-03-11 17:02:25+00:00,2026-02-27,,2026-02-27,first_garmin_date,12.0,2.0,0.25,0-25%,True,45.033,42.667,2.367,19.85,24.8,4.552,1.685,6.065,3.0,6.0,0.947,0.581,2545,2544,2543,1,3,1051,0,False,False,False,False,False,False,False,False,False,False,ok,True,15,6.0,6,4,2026-03-11,,2026-02-27,2026-02-27,included_or_no_issue
8441,8441,A,8,Course a pied_2026-03-12 16_20_18.fit,fit,running,2026-03-12,2026-03-12 16:20:18+00:00,2026-02-27,,2026-02-27,first_garmin_date,13.0,2.0,0.25,0-25%,True,24.6,24.6,0.0,20.8,16.983,2.958,2.004,7.215,3.0,4.0,1.0,0.69,1469,1468,1468,0,11,448,0,False,False,False,False,False,False,False,False,False,False,ok,True,17,8.0,7,5,2026-03-12,,2026-02-27,2026-02-27,included_or_no_issue
8441,8441,A,8,Course a pied_2026-03-15 15_44_53.fit,fit,running,2026-03-15,2026-03-15 15:44:53+00:00,2026-02-27,,2026-02-27,first_garmin_date,16.0,3.0,0.375,25-50%,True,52.867,45.317,7.55,28.867,28.033,4.594,1.448,5.214,3.0,3.0,0.857,0.619,2714,2713,2712,1,2,1029,0,False,False,False,False,False,False,False,False,False,False,ok,True,18,1.0,8,1,2026-03-15,,2026-02-27,2026-02-27,included_or_no_issue
8441,8441,A,8,Course a pied_2026-03-23 16_27_10.fit,fit,running,2026-03-23,2026-03-23 16:27:10+00:00,2026-02-27,,2026-02-27,first_garmin_date,24.0,4.0,0.5,25-50%,True,51.917,49.567,2.35,18.933,29.267,4.963,1.593,5.736,3.0,4.0,0.955,0.59,2968,2967,2966,1,14,1208,0,False,False,False,False,False,False,False,False,False,False,ok,True,35,7.0,9,1,2026-03-23,,2026-02-27,2026-02-27,included_or_no_issue
8441,8441,A,8,Course a pied_2026-04-12 13_37_49.fit,fit,running,2026-04-12,2026-04-12 13:37:49+00:00,2026-02-27,,2026-02-27,first_garmin_date,44.0,7.0,0.875,75-100%,True,38.167,36.117,2.05,30.983,33.267,5.531,2.415,8.695,3.0,3.0,0.946,0.921,2157,2156,2155,1,0,171,0,False,False,False,False,False,False,False,False,False,False,ok,True,59,3.0,11,1,2026-04-12,,2026-02-27,2026-02-27,included_or_no_issue
8865,8865,B,7,Course a pied_2026-02-25 11_27_00.fit,fit,running,2026-02-25,2026-02-25 11:27:24+00:00,2026-02-25,,2026-02-25,first_garmin_date,0.0,1.0,0.143,0-25%,True,6.017,6.017,0.0,1.383,3.5,0.726,2.01,7.236,2.373,2.899,1.0,0.582,105,104,104,0,11,2,0,False,False,False,False,False,False,False,False,False,False,ok,True,1,1.0,1,1,2026-02-25,,2026-02-25,2026-02-25,included_or_no_issue
8865,8865,B,7,Course a pied_2026-02-26 17_56_00.fit,fit,running,2026-02-26,2026-02-26 17:56:56+00:00,2026-02-25,,2026-02-25,first_garmin_date,1.0,1.0,0.143,0-25%,True,10.183,10.183,0.0,3.883,7.35,1.23,2.013,7.246,2.08,3.039,1.0,0.722,156,155,155,0,9,6,0,False,False,False,False,False,False,False,False,False,False,ok,True,2,2.0,2,2,2026-02-26,,2026-02-25,2026-02-25,included_or_no_issue
8865,8865,B,7,Course a pied_2026-02-28 18_18_16.fit,fit,running,2026-02-28,2026-02-28 18:18:16+00:00,2026-02-25,,2026-02-25,first_garmin_date,3.0,1.0,0.143,0-25%,True,12.233,12.233,0.0,1.617,7.867,1.529,2.083,7.5,2.165,3.232,1.0,0.643,210,209,209,0,17,4,0,False,False,False,False,False,False,False,False,False,False,ok,True,3,3.0,3,3,2026-02-28,,2026-02-25,2026-02-25,included_or_no_issue
8865,8865,B,7,Course a pied_2026-03-02 12_27_00.fit,fit,running,2026-03-02,2026-03-02 12:27:14+00:00,2026-02-25,,2026-02-25,first_garmin_date,5.0,1.0,0.143,0-25%,True,15.383,15.383,0.0,2.383,6.65,1.573,1.704,6.136,1.457,2.68,1.0,0.432,203,202,202,0,43,7,0,False,False,False,False,False,False,False,False,False,False,ok,True,4,4.0,4,4,2026-03-02,,2026-02-25,2026-02-25,included_or_no_issue
8865,8865,B,7,Course a pied_2026-03-04 15_17_00.fit,fit,running,2026-03-04,2026-03-04 15:17:32+00:00,2026-02-25,,2026-02-25,first_garmin_date,7.0,2.0,0.286,25-50%,True,12.05,12.05,0.0,1.75,7.25,1.486,2.055,7.399,2.255,3.216,1.0,0.602,196,195,195,0,20,2,0,False,False,False,False,False,False,False,False,False,False,ok,True,7,3.0,5,1,2026-03-04,,2026-02-25,2026-02-25,included_or_no_issue
8865,8865,B,7,Course a pied_2026-03-05 14_04_00.fit,fit,running,2026-03-05,2026-03-05 14:04:03+00:00,2026-02-25,,2026-02-25,first_garmin_date,8.0,2.0,0.286,25-50%,True,18.217,18.217,0.0,2.283,11.55,2.257,2.065,7.435,1.943,3.228,1.0,0.634,314,313,313,0,26,11,0,False,False,False,False,False,False,False,False,False,False,ok,True,9,5.0,6,2,2026-03-05,,2026-02-25,2026-02-25,included_or_no_issue
8865,8865,B,7,Course a pied_2026-03-06 09_36_00.fit,fit,running,2026-03-06,2026-03-06 09:36:31+00:00,2026-02-25,,2026-02-25,first_garmin_date,9.0,2.0,0.286,25-50%,True,14.567,14.567,0.0,6.083,10.95,1.947,2.228,8.021,2.385,3.233,1.0,0.752,231,230,230,0,11,3,0,False,False,False,False,False,False,False,False,False,False,ok,True,10,6.0,7,3,2026-03-06,,2026-02-25,2026-02-25,included_or_no_issue
8865,8865,B,7,Course a pied_2026-03-07 17_23_24.fit,fit,running,2026-03-07,2026-03-07 17:23:24+00:00,2026-02-25,,2026-02-25,first_garmin_date,10.0,2.0,0.286,25-50%,True,10.817,10.817,0.0,5.85,9.017,1.479,2.278,8.202,2.407,3.614,1.0,0.834,169,168,168,0,6,5,0,False,False,False,False,False,False,False,False,False,False,ok,True,12,8.0,8,4,2026-03-07,,2026-02-25,2026-02-25,included_or_no_issue
8865,8865,B,7,Course a pied_2026-03-09 17_28_49.fit,fit,running,2026-03-09,2026-03-09 17:28:49+00:00,2026-02-25,,2026-02-25,first_garmin_date,12.0,2.0,0.286,25-50%,True,13.733,13.733,0.0,3.017,10.183,1.75,2.123,7.644,2.435,3.086,1.0,0.742,199,198,198,0,13,5,0,False,False,False,False,False,False,False,False,False,False,ok,True,13,9.0,9,5,2026-03-09,,2026-02-25,2026-02-25,included_or_no_issue
8865,8865,B,7,Course a pied_2026-03-12 18_20_00.fit,fit,running,2026-03-12,2026-03-12 18:20:27+00:00,2026-02-25,,2026-02-25,first_garmin_date,15.0,3.0,0.429,25-50%,True,17.0,17.0,0.0,6.733,14.883,2.329,2.283,8.219,2.387,2.902,1.0,0.875,273,272,272,0,9,1,0,False,False,False,False,False,False,False,False,False,False,ok,True,14,1.0,10,1,2026-03-12,,2026-02-25,2026-02-25,included_or_no_issue
8865,8865,B,7,Course a pied_2026-03-14 11_36_56.fit,fit,running,2026-03-14,2026-03-14 11:36:56+00:00,2026-02-25,,2026-02-25,first_garmin_date,17.0,3.0,0.429,25-50%,True,14.7,14.7,0.0,5.617,12.733,1.929,2.187,7.872,2.359,2.769,1.0,0.866,217,216,216,0,7,2,0,False,False,False,False,False,False,False,False,False,False,ok,True,16,3.0,11,2,2026-03-14,,2026-02-25,2026-02-25,included_or_no_issue
8865,8865,B,7,Course a pied_2026-03-15 11_47_51.fit,fit,running,2026-03-15,2026-03-15 11:47:51+00:00,2026-02-25,,2026-02-25,first_garmin_date,18.0,3.0,0.429,25-50%,True,18.033,18.033,0.0,10.85,12.533,2.193,2.027,7.298,2.179,2.792,1.0,0.695,247,246,246,0,23,4,0,False,False,False,False,False,False,False,False,False,False,ok,True,17,4.0,12,3,2026-03-15,,2026-02-25,2026-02-25,included_or_no_issue
8865,8865,B,7,Course a pied_2026-03-17 16_07_00.fit,fit,running,2026-03-17,2026-03-17 16:07:19+00:00,2026-02-25,,2026-02-25,first_garmin_date,20.0,3.0,0.429,25-50%,True,27.65,27.65,0.0,3.817,14.0,2.799,1.687,6.073,1.57,2.426,1.0,0.506,354,353,353,0,60,11,0,False,False,False,False,False,False,False,False,False,False,ok,True,19,6.0,13,4,2026-03-17,,2026-02-25,2026-02-25,included_or_no_issue
8865,8865,B,7,Course a pied_2026-03-18 16_57_29.fit,fit,running,2026-03-18,2026-03-18 16:57:29+00:00,2026-02-25,,2026-02-25,first_garmin_date,21.0,4.0,0.571,50-75%,True,22.7,22.7,0.0,9.017,18.917,2.988,2.194,7.898,2.384,2.829,1.0,0.833,337,336,336,0,11,2,0,False,False,False,False,False,False,False,False,False,False,ok,True,20,1.0,14,1,2026-03-18,,2026-02-25,2026-02-25,included_or_no_issue
8865,8865,B,7,Course a pied_2026-03-20 14_48_05.fit,fit,running,2026-03-20,2026-03-20 14:48:05+00:00,2026-02-25,,2026-02-25,first_garmin_date,23.0,4.0,0.571,50-75%,True,18.117,18.117,0.0,4.667,14.4,2.418,2.224,8.007,2.46,3.004,1.0,0.795,258,257,257,0,12,5,0,False,False,False,False,False,False,False,False,False,False,ok,True,22,3.0,15,2,2026-03-20,,2026-02-25,2026-02-25,included_or_no_issue
8865,8865,B,7,Course a pied_2026-03-22 14_27_07.fit,fit,running,2026-03-22,2026-03-22 14:27:07+00:00,2026-02-25,,2026-02-25,first_garmin_date,25.0,4.0,0.571,50-75%,True,17.517,17.517,0.0,11.967,15.0,2.288,2.177,7.836,2.36,2.78,1.0,0.856,214,213,213,0,11,3,0,False,False,False,False,False,False,False,False,False,False,ok,True,23,4.0,16,3,2026-03-22,,2026-02-25,2026-02-25,included_or_no_issue
8865,8865,B,7,Course a pied_2026-03-23 13_58_28.fit,fit,running,2026-03-23,2026-03-23 13:58:28+00:00,2026-02-25,,2026-02-25,first_garmin_date,26.0,4.0,0.571,50-75%,True,18.533,18.533,0.0,10.7,15.433,2.438,2.192,7.891,2.305,2.78,1.0,0.833,243,242,242,0,14,0,0,False,False,False,False,False,False,False,False,False,False,ok,True,24,5.0,17,4,2026-03-23,,2026-02-25,2026-02-25,included_or_no_issue
8865,8865,B,7,Course a pied_2026-03-26 10_06_33.fit,fit,running,2026-03-26,2026-03-26 10:06:33+00:00,2026-02-25,,2026-02-25,first_garmin_date,29.0,5.0,0.714,50-75%,True,28.167,28.167,0.0,12.383,25.4,4.202,2.486,8.95,2.63,3.064,1.0,0.902,415,414,414,0,8,2,0,False,False,False,False,False,False,False,False,False,False,ok,True,26,1.0,18,1,2026-03-26,,2026-02-25,2026-02-25,included_or_no_issue
8865,8865,B,7,Course a pied_2026-03-28 09_03_26.fit,fit,running,2026-03-28,2026-03-28 09:03:26+00:00,2026-02-25,,2026-02-25,first_garmin_date,31.0,5.0,0.714,50-75%,True,21.667,21.667,0.0,10.017,18.917,3.155,2.427,8.737,2.552,3.152,1.0,0.873,313,312,312,0,10,4,0,False,False,False,False,False,False,False,False,False,False,ok,True,28,3.0,19,2,2026-03-28,,2026-02-25,2026-02-25,included_or_no_issue
8865,8865,B,7,Course a pied_2026-03-30 09_57_23.fit,fit,running,2026-03-30,2026-03-30 09:57:23+00:00,2026-02-25,,2026-02-25,first_garmin_date,33.0,5.0,0.714,50-75%,True,22.433,22.433,0.0,22.267,22.1,3.247,2.412,8.684,2.44,2.852,1.0,0.985,294,293,293,0,1,2,0,False,False,False,False,False,False,False,False,False,False,ok,True,29,4.0,20,3,2026-03-30,,2026-02-25,2026-02-25,included_or_no_issue
8865,8865,B,7,Course a pied_2026-04-01 09_07_51.fit,fit,running,2026-04-01,2026-04-01 09:07:51+00:00,2026-02-25,,2026-02-25,first_garmin_date,35.0,6.0,0.857,75-100%,True,22.05,22.05,0.0,21.267,21.067,3.272,2.473,8.904,2.568,2.86,1.0,0.955,283,282,282,0,3,0,0,False,False,False,False,False,False,False,False,False,False,ok,True,31,1.0,21,1,2026-04-01,,2026-02-25,2026-02-25,included_or_no_issue
8865,8865,B,7,Course a pied_2026-04-03 08_13_13.fit,fit,running,2026-04-03,2026-04-03 08:13:13+00:00,2026-02-25,,2026-02-25,first_garmin_date,37.0,6.0,0.857,75-100%,True,21.417,21.417,0.0,21.417,21.217,3.316,2.581,9.291,2.593,3.073,1.0,0.991,297,296,296,0,0,3,0,False,False,False,False,False,False,False,False,False,False,ok,True,32,2.0,22,2,2026-04-03,,2026-02-25,2026-02-25,included_or_no_issue
8865,8865,B,7,Course a pied_2026-04-04 19_01_00.fit,fit,running,2026-04-04,2026-04-04 19:01:01+00:00,2026-02-25,,2026-02-25,first_garmin_date,38.0,6.0,0.857,75-100%,True,15.367,15.367,0.0,14.767,14.883,2.435,2.641,9.508,2.553,3.572,1.0,0.969,193,192,192,0,2,4,0,False,False,False,False,False,False,False,False,False,False,ok,True,34,4.0,23,3,2026-04-04,,2026-02-25,2026-02-25,included_or_no_issue
8865,8865,B,7,Course a pied_2026-04-05 12_44_00.fit,fit,running,2026-04-05,2026-04-05 12:44:26+00:00,2026-02-25,,2026-02-25,first_garmin_date,39.0,6.0,0.857,75-100%,True,25.25,25.25,0.0,25.25,25.183,3.943,2.602,9.369,2.603,3.077,1.0,0.997,356,355,355,0,0,0,0,False,False,False,False,False,False,False,False,False,False,ok,True,35,5.0,24,4,2026-04-05,,2026-02-25,2026-02-25,included_or_no_issue
8865,8865,B,7,Course a pied_2026-04-06 12_24_00.fit,fit,running,2026-04-06,2026-04-06 12:24:16+00:00,2026-02-25,,2026-02-25,first_garmin_date,40.0,6.0,0.857,75-100%,True,15.267,15.267,0.0,15.267,15.05,2.456,2.681,9.651,2.667,3.378,1.0,0.986,189,188,188,0,0,1,0,False,False,False,False,False,False,False,False,False,False,ok,True,36,6.0,25,5,2026-04-06,,2026-02-25,2026-02-25,included_or_no_issue
8865,8865,B,7,Course a pied_2026-04-08 15_58_04.fit,fit,running,2026-04-08,2026-04-08 15:58:04+00:00,2026-02-25,,2026-02-25,first_garmin_date,42.0,7.0,1.0,75-100%,True,25.383,25.383,0.0,25.233,25.083,4.072,2.674,9.626,2.671,3.237,1.0,0.988,358,357,357,0,1,3,0,False,False,False,False,False,False,False,False,False,False,ok,True,37,1.0,26,1,2026-04-08,,2026-02-25,2026-02-25,included_or_no_issue
8865,8865,B,7,Course a pied_2026-04-12 15_12_12.fit,fit,running,2026-04-12,2026-04-12 15:12:12+00:00,2026-02-25,,2026-02-25,first_garmin_date,46.0,7.0,1.0,75-100%,True,30.067,30.067,0.0,26.583,29.4,4.035,2.237,8.052,2.279,2.554,1.0,0.978,358,357,357,0,2,3,0,False,False,False,False,False,False,False,False,False,False,ok,True,38,2.0,27,2,2026-04-12,,2026-02-25,2026-02-25,included_or_no_issue
8865,8865,B,7,Course a pied_2026-04-14 13_36_26.fit,fit,running,2026-04-14,2026-04-14 13:36:26+00:00,2026-02-25,,2026-02-25,first_garmin_date,48.0,7.0,1.0,75-100%,True,35.483,35.483,0.0,18.567,35.167,5.057,2.375,8.551,2.372,2.811,1.0,0.991,377,376,376,0,1,2,0,False,False,False,False,False,False,False,False,False,False,ok,True,39,3.0,28,3,2026-04-14,,2026-02-25,2026-02-25,included_or_no_issue
9246,9246,A,7,Course a pied_2026-03-16 09_18_00.fit,fit,running,2026-03-16,2026-03-16 09:18:29+00:00,2026-03-14,,2026-03-14,first_garmin_date,2.0,1.0,0.143,0-25%,True,46.283,45.817,0.467,4.483,33.6,4.327,1.558,5.61,1.664,2.532,0.99,0.733,463,462,461,1,47,23,0,False,False,False,False,False,False,False,False,False,False,ok,True,2,2.0,1,1,2026-03-16,,2026-03-14,2026-03-14,included_or_no_issue
9246,9246,A,7,Course a pied_2026-03-17 14_44_00.fit,fit,running,2026-03-17,2026-03-17 14:44:05+00:00,2026-03-14,,2026-03-14,first_garmin_date,3.0,1.0,0.143,0-25%,True,10.333,10.333,0.0,5.75,8.933,1.344,2.167,7.803,2.565,3.197,1.0,0.865,148,147,147,0,4,4,0,False,False,False,False,False,False,False,False,False,False,ok,True,3,3.0,2,2,2026-03-17,,2026-03-14,2026-03-14,included_or_no_issue
9246,9246,A,7,Course a pied_2026-03-18 17_19_00.fit,fit,running,2026-03-18,2026-03-18 17:19:14+00:00,2026-03-14,,2026-03-14,first_garmin_date,4.0,1.0,0.143,0-25%,True,12.1,12.1,0.0,7.667,11.433,1.632,2.248,8.091,2.206,3.13,1.0,0.945,192,191,191,0,1,1,0,False,False,False,False,False,False,False,False,False,False,ok,True,4,4.0,3,3,2026-03-18,,2026-03-14,2026-03-14,included_or_no_issue
9246,9246,A,7,Course a pied_2026-03-19 14_33_00.fit,fit,running,2026-03-19,2026-03-19 14:33:39+00:00,2026-03-14,,2026-03-14,first_garmin_date,5.0,1.0,0.143,0-25%,True,9.35,9.35,0.0,3.133,7.467,1.219,2.172,7.82,2.478,3.114,1.0,0.799,143,142,142,0,5,8,0,False,False,False,False,False,False,False,False,False,False,ok,True,5,5.0,4,4,2026-03-19,,2026-03-14,2026-03-14,included_or_no_issue
9246,9246,A,7,Course a pied_2026-03-24 17_11_00.fit,fit,running,2026-03-24,2026-03-24 17:11:51+00:00,2026-03-14,,2026-03-14,first_garmin_date,10.0,2.0,0.286,25-50%,True,12.033,12.033,0.0,1.083,1.233,0.327,0.452,1.628,0.415,2.484,1.0,0.102,154,153,153,0,53,78,0,False,False,False,False,False,False,False,False,False,False,ok,True,6,1.0,5,1,2026-03-24,,2026-03-14,2026-03-14,included_or_no_issue
9246,9246,A,7,Course a pied_2026-03-25 14_15_00.fit,fit,running,2026-03-25,2026-03-25 14:15:37+00:00,2026-03-14,,2026-03-14,first_garmin_date,11.0,2.0,0.286,25-50%,True,16.75,16.083,0.667,3.65,14.017,2.07,2.06,7.415,2.262,2.982,0.96,0.872,215,214,213,1,5,3,0,False,False,False,False,False,False,False,False,False,False,ok,True,7,2.0,6,2,2026-03-25,,2026-03-14,2026-03-14,included_or_no_issue
9246,9246,A,7,Course a pied_2026-03-27 15_51_00.fit,fit,running,2026-03-27,2026-03-27 15:51:58+00:00,2026-03-14,,2026-03-14,first_garmin_date,13.0,2.0,0.286,25-50%,True,12.483,12.483,0.0,5.117,11.45,1.701,2.271,8.177,2.594,3.008,1.0,0.917,172,171,171,0,3,2,0,False,False,False,False,False,False,False,False,False,False,ok,True,8,3.0,7,3,2026-03-27,,2026-03-14,2026-03-14,included_or_no_issue
9246,9246,A,7,Course a pied_2026-03-28 16_36_00.fit,fit,running,2026-03-28,2026-03-28 16:36:47+00:00,2026-03-14,,2026-03-14,first_garmin_date,14.0,3.0,0.429,25-50%,True,10.067,10.067,0.0,10.067,9.8,1.553,2.571,9.256,2.706,3.265,1.0,0.974,136,135,135,0,0,0,0,False,False,False,False,False,False,False,False,False,False,ok,True,9,1.0,8,1,2026-03-28,,2026-03-14,2026-03-14,included_or_no_issue
9246,9246,A,7,Course a pied_2026-03-31 09_10_00.fit,fit,running,2026-03-31,2026-03-31 09:10:35+00:00,2026-03-14,,2026-03-14,first_garmin_date,17.0,3.0,0.429,25-50%,True,12.05,12.05,0.0,8.083,11.3,1.688,2.335,8.405,2.615,2.992,1.0,0.938,159,158,158,0,2,3,0,False,False,False,False,False,False,False,False,False,False,ok,True,11,3.0,9,2,2026-03-31,,2026-03-14,2026-03-14,included_or_no_issue
9246,9246,A,7,Course a pied_2026-04-01 09_29_00.fit,fit,running,2026-04-01,2026-04-01 09:29:12+00:00,2026-03-14,,2026-03-14,first_garmin_date,18.0,3.0,0.429,25-50%,True,15.033,15.033,0.0,5.733,13.25,2.145,2.378,8.562,2.583,2.907,1.0,0.881,189,188,188,0,5,5,0,False,False,False,False,False,False,False,False,False,False,ok,True,12,4.0,10,3,2026-04-01,,2026-03-14,2026-03-14,included_or_no_issue
9246,9246,A,7,Course a pied_2026-04-03 08_11_00.fit,fit,running,2026-04-03,2026-04-03 08:11:36+00:00,2026-03-14,,2026-03-14,first_garmin_date,20.0,3.0,0.429,25-50%,True,12.05,12.05,0.0,5.133,10.75,1.771,2.45,8.82,2.647,2.98,1.0,0.892,147,146,146,0,6,4,0,False,False,False,False,False,False,False,False,False,False,ok,True,13,5.0,11,4,2026-04-03,,2026-03-14,2026-03-14,included_or_no_issue
9246,9246,A,7,Course a pied_2026-04-05 15_38_00.fit,fit,running,2026-04-05,2026-04-05 15:38:49+00:00,2026-03-14,,2026-03-14,first_garmin_date,22.0,4.0,0.571,50-75%,True,10.1,10.1,0.0,10.1,10.083,1.73,2.855,10.276,2.868,3.136,1.0,0.998,152,151,151,0,0,0,0,False,False,False,False,False,False,False,False,False,False,ok,True,14,1.0,12,1,2026-04-05,,2026-03-14,2026-03-14,included_or_no_issue
9246,9246,A,7,Course a pied_2026-04-06 16_51_00.fit,fit,running,2026-04-06,2026-04-06 16:51:29+00:00,2026-03-14,,2026-03-14,first_garmin_date,23.0,4.0,0.571,50-75%,True,16.217,16.217,0.0,6.717,14.333,2.491,2.56,9.217,2.913,3.362,1.0,0.884,243,242,242,0,9,8,0,False,False,False,False,False,False,False,False,False,False,ok,True,16,3.0,13,2,2026-04-06,,2026-03-14,2026-03-14,included_or_no_issue
9246,9246,A,7,Course a pied_2026-04-08 09_15_00.fit,fit,running,2026-04-08,2026-04-08 09:15:05+00:00,2026-03-14,,2026-03-14,first_garmin_date,25.0,4.0,0.571,50-75%,True,18.033,18.033,0.0,8.467,16.917,2.745,2.537,9.135,2.67,3.002,1.0,0.938,223,222,222,0,4,5,0,False,False,False,False,False,False,False,False,False,False,ok,True,18,5.0,14,3,2026-04-08,,2026-03-14,2026-03-14,included_or_no_issue
9246,9246,A,7,Course a pied_2026-04-10 09_14_00.fit,fit,running,2026-04-10,2026-04-10 09:14:12+00:00,2026-03-14,,2026-03-14,first_garmin_date,27.0,4.0,0.571,50-75%,True,16.283,15.033,1.25,6.167,14.65,2.181,2.232,8.037,2.56,2.909,0.923,0.975,220,219,217,2,1,0,0,False,False,False,False,False,False,False,False,False,False,ok,True,19,6.0,15,4,2026-04-10,,2026-03-14,2026-03-14,included_or_no_issue
9246,9246,A,7,Course a pied_2026-04-11 16_03_00.fit,fit,running,2026-04-11,2026-04-11 16:03:57+00:00,2026-03-14,,2026-03-14,first_garmin_date,28.0,5.0,0.714,50-75%,True,15.217,15.217,0.0,10.25,15.017,2.567,2.812,10.121,2.841,3.181,1.0,0.987,229,228,228,0,1,0,0,False,False,False,False,False,False,False,False,False,False,ok,True,20,1.0,16,1,2026-04-11,,2026-03-14,2026-03-14,included_or_no_issue
9246,9246,A,7,Course a pied_2026-04-17 16_56_00.fit,fit,running,2026-04-17,2026-04-17 16:56:08+00:00,2026-03-14,,2026-03-14,first_garmin_date,34.0,5.0,0.714,50-75%,True,21.283,21.283,0.0,14.417,19.9,3.333,2.61,9.396,2.795,3.146,1.0,0.935,257,256,256,0,4,2,0,False,False,False,False,False,False,False,False,False,False,ok,True,22,3.0,18,3,2026-04-17,,2026-03-14,2026-03-14,included_or_no_issue
9246,9246,A,7,Course a pied_2026-04-19 16_16_00.fit,fit,running,2026-04-19,2026-04-19 16:16:49+00:00,2026-03-14,,2026-03-14,first_garmin_date,36.0,6.0,0.857,75-100%,True,20.3,20.3,0.0,19.167,19.533,3.27,2.684,9.664,2.74,3.305,1.0,0.962,237,236,236,0,2,3,0,False,False,False,False,False,False,False,False,False,False,ok,True,23,1.0,19,1,2026-04-19,,2026-03-14,2026-03-14,included_or_no_issue
9246,9246,A,7,Course a pied_2026-04-22 09_33_05.fit,fit,running,2026-04-22,2026-04-22 09:33:05+00:00,2026-03-14,,2026-03-14,first_garmin_date,39.0,6.0,0.857,75-100%,True,22.783,21.35,1.433,8.783,19.783,3.008,2.2,7.921,2.512,2.87,0.937,0.927,252,251,249,2,4,6,0,False,False,False,False,False,False,False,False,False,False,ok,True,24,2.0,20,2,2026-04-22,,2026-03-14,2026-03-14,included_or_no_issue
9884,9884,A,7,Course a pied_2026-02-25 14_31_52.fit,fit,running,2026-02-25,2026-02-25 14:31:52+00:00,2026-02-25,,2026-02-25,first_garmin_date,0.0,1.0,0.143,0-25%,True,24.117,24.117,0.0,17.383,21.467,3.33,2.301,8.285,2.37,3.272,1.0,0.89,1448,1447,1447,0,1,30,0,False,False,False,False,False,False,False,False,False,False,ok,True,2,2.0,1,1,2026-02-25,,2026-02-25,2026-02-25,included_or_no_issue
9884,9884,A,7,Course a pied_2026-02-26 13_08_36.fit,fit,running,2026-02-26,2026-02-26 13:08:36+00:00,2026-02-25,,2026-02-25,first_garmin_date,1.0,1.0,0.143,0-25%,True,70.4,70.4,0.0,5.133,27.7,4.832,1.144,4.119,1.94,2.78,1.0,0.393,4225,4224,4224,0,225,1987,0,False,False,False,False,False,False,False,False,False,False,ok,True,3,3.0,2,2,2026-02-26,,2026-02-25,2026-02-25,included_or_no_issue
9884,9884,A,7,Course a pied_2026-03-02 16_20_56.fit,fit,running,2026-03-02,2026-03-02 16:20:56+00:00,2026-02-25,,2026-02-25,first_garmin_date,5.0,1.0,0.143,0-25%,True,14.533,14.533,0.0,8.083,10.9,1.774,2.035,7.324,2.25,3.561,1.0,0.75,873,872,872,0,5,112,0,False,False,False,False,False,False,False,False,False,False,ok,True,6,6.0,3,3,2026-03-02,,2026-02-25,2026-02-25,included_or_no_issue
9884,9884,A,7,Course a pied_2026-03-04 16_15_05.fit,fit,running,2026-03-04,2026-03-04 16:15:05+00:00,2026-02-25,,2026-02-25,first_garmin_date,7.0,2.0,0.286,25-50%,True,22.583,21.15,1.433,8.717,16.483,2.511,1.853,6.672,2.09,3.011,0.937,0.779,1271,1270,1269,1,9,91,0,False,False,False,False,False,False,False,False,False,False,ok,True,9,2.0,4,1,2026-03-04,,2026-02-25,2026-02-25,included_or_no_issue
9884,9884,A,7,Course a pied_2026-03-05 16_20_40.fit,fit,running,2026-03-05,2026-03-05 16:20:40+00:00,2026-02-25,,2026-02-25,first_garmin_date,8.0,2.0,0.286,25-50%,True,22.117,22.117,0.0,8.067,17.833,2.711,2.043,7.355,2.3,3.17,1.0,0.806,1328,1327,1327,0,19,162,0,False,False,False,False,False,False,False,False,False,False,ok,True,11,4.0,5,2,2026-03-05,,2026-02-25,2026-02-25,included_or_no_issue
9884,9884,A,7,Course a pied_2026-03-06 16_14_24.fit,fit,running,2026-03-06,2026-03-06 16:14:24+00:00,2026-02-25,,2026-02-25,first_garmin_date,9.0,2.0,0.286,25-50%,True,22.45,22.45,0.0,11.2,18.833,2.87,2.131,7.67,2.23,3.13,1.0,0.839,1348,1347,1347,0,6,66,0,False,False,False,False,False,False,False,False,False,False,ok,True,13,6.0,6,3,2026-03-06,,2026-02-25,2026-02-25,included_or_no_issue
9884,9884,A,7,Course a pied_2026-03-09 16_29_44.fit,fit,running,2026-03-09,2026-03-09 16:29:44+00:00,2026-02-25,,2026-02-25,first_garmin_date,12.0,2.0,0.286,25-50%,True,23.533,23.533,0.0,15.617,21.483,3.293,2.332,8.395,2.39,3.21,1.0,0.913,1413,1412,1412,0,2,30,0,False,False,False,False,False,False,False,False,False,False,ok,True,15,8.0,7,4,2026-03-09,,2026-02-25,2026-02-25,included_or_no_issue
